language_code,canonical_iso639_3,display_name,mapping_source
aaa,aaa,Ghotuo,iso639_3
aab,aab,Alumu-Tesu,iso639_3
aac,aac,Ari,iso639_3
aad,aad,Amal,iso639_3
aae,aae,Arbëreshë Albanian,iso639_3
aaf,aaf,Aranadan,iso639_3
aag,aag,Ambrak,iso639_3
aah,aah,Abu' Arapesh,iso639_3
aai,aai,Arifama-Miniafia,iso639_3
aak,aak,Ankave,iso639_3
aal,aal,Afade,iso639_3
aan,aan,Anambé,iso639_3
aao,aao,Algerian Saharan Arabic,iso639_3
aap,aap,Pará Arára,iso639_3
aaq,aaq,Eastern Abnaki,iso639_3
aar,aar,Afar,iso639_3
aas,aas,Aasáx,iso639_3
aat,aat,Arvanitika Albanian,iso639_3
aau,aau,Abau,iso639_3
aav,aav,Austro-Asiatic languages,iso639_5_collection
aaw,aaw,Solong,iso639_3
aax,aax,Mandobo Atas,iso639_3
aaz,aaz,Amarasi,iso639_3
aba,aba,Abé,iso639_3
abb,abb,Bankon,iso639_3
abc,abc,Ambala Ayta,iso639_3
abd,abd,Manide,iso639_3
abe,abe,Western Abnaki,iso639_3
abf,abf,Abai Sungai,iso639_3
abg,abg,Abaga,iso639_3
abh,abh,Tajiki Arabic,iso639_3
abi,abi,Abidji,iso639_3
abj,abj,Aka-Bea,iso639_3
abk,abk,Abkhazian,iso639_3
abl,abl,Lampung Nyo,iso639_3
abm,abm,Abanyom,iso639_3
abn,abn,Abua,iso639_3
abo,abo,Abon,iso639_3
abp,abp,Abellen Ayta,iso639_3
abq,abq,Abaza,iso639_3
abr,abr,Abron,iso639_3
abs,abs,Ambonese Malay,iso639_3
abt,abt,Ambulas,iso639_3
abu,abu,Abure,iso639_3
abv,abv,Baharna Arabic,iso639_3
abw,abw,Pal,iso639_3
abx,abx,Inabaknon,iso639_3
aby,aby,Aneme Wake,iso639_3
abz,abz,Abui,iso639_3
aca,aca,Achagua,iso639_3
acb,acb,Áncá,iso639_3
acd,acd,Gikyode,iso639_3
ace,ace,Achinese,iso639_3
acf,acf,Saint Lucian Creole French,iso639_3
ach,ach,Acoli,iso639_3
aci,aci,Aka-Cari,iso639_3
ack,ack,Aka-Kora,iso639_3
acl,acl,Akar-Bale,iso639_3
acm,acm,Mesopotamian Arabic,iso639_3
acn,acn,Achang,iso639_3
acp,acp,Eastern Acipa,iso639_3
acq,acq,Ta'izzi-Adeni Arabic,iso639_3
acr,acr,Achi,iso639_3
acs,acs,Acroá,iso639_3
act,act,Achterhoeks,iso639_3
acu,acu,Achuar-Shiwiar,iso639_3
acv,acv,Achumawi,iso639_3
acw,acw,Hijazi Arabic,iso639_3
acx,acx,Omani Arabic,iso639_3
acy,acy,Cypriot Arabic,iso639_3
acz,acz,Acheron,iso639_3
ada,ada,Adangme,iso639_3
adb,adb,Atauran,iso639_3
add,add,Lidzonka,iso639_3
ade,ade,Adele,iso639_3
adf,adf,Dhofari Arabic,iso639_3
adg,adg,Andegerebinha,iso639_3
adh,adh,Adhola,iso639_3
adi,adi,Adi,iso639_3
adj,adj,Adioukrou,iso639_3
adl,adl,Galo,iso639_3
adn,adn,Adang,iso639_3
ado,ado,Abu,iso639_3
adq,adq,Adangbe,iso639_3
adr,adr,Adonara,iso639_3
ads,ads,Adamorobe Sign Language,iso639_3
adt,adt,Adnyamathanha,iso639_3
adu,adu,Aduge,iso639_3
adw,adw,Amundava,iso639_3
adx,adx,Amdo Tibetan,iso639_3
ady,ady,Adyghe,iso639_3
adz,adz,Adzera,iso639_3
aea,aea,Areba,iso639_3
aeb,aeb,Tunisian Arabic,iso639_3
aec,aec,Saidi Arabic,iso639_3
aed,aed,Argentine Sign Language,iso639_3
aee,aee,Northeast Pashai,iso639_3
aek,aek,Haeke,iso639_3
ael,ael,Ambele,iso639_3
aem,aem,Arem,iso639_3
aen,aen,Armenian Sign Language,iso639_3
aeq,aeq,Aer,iso639_3
aer,aer,Eastern Arrernte,iso639_3
aes,aes,Alsea,iso639_3
aeu,aeu,Akeu,iso639_3
aew,aew,Ambakich,iso639_3
aey,aey,Amele,iso639_3
aez,aez,Aeka,iso639_3
afa,afa,Afro-Asiatic languages,iso639_5_collection
afb,afb,Gulf Arabic,iso639_3
afd,afd,Andai,iso639_3
afe,afe,Putukwam,iso639_3
afg,afg,Afghan Sign Language,iso639_3
afh,afh,Afrihili,iso639_3
afi,afi,Akrukay,iso639_3
afk,afk,Nanubae,iso639_3
afn,afn,Defaka,iso639_3
afo,afo,Eloyi,iso639_3
afp,afp,Tapei,iso639_3
afr,afr,Afrikaans,iso639_3
afs,afs,Afro-Seminole Creole,iso639_3
aft,aft,Afitti,iso639_3
afu,afu,Awutu,iso639_3
afz,afz,Obokuitai,iso639_3
aga,aga,Aguano,iso639_3
agb,agb,Legbo,iso639_3
agc,agc,Agatu,iso639_3
agd,agd,Agarabi,iso639_3
age,age,Angal,iso639_3
agf,agf,Arguni,iso639_3
agg,agg,Angor,iso639_3
agh,agh,Ngelima,iso639_3
agi,agi,Agariya,iso639_3
agj,agj,Argobba,iso639_3
agk,agk,Isarog Agta,iso639_3
agl,agl,Fembe,iso639_3
agm,agm,Angaataha,iso639_3
agn,agn,Agutaynen,iso639_3
ago,ago,Tainae,iso639_3
agq,agq,Aghem,iso639_3
agr,agr,Aguaruna,iso639_3
ags,ags,Esimbi,iso639_3
agt,agt,Central Cagayan Agta,iso639_3
agu,agu,Aguacateco,iso639_3
agv,agv,Remontado Dumagat,iso639_3
agw,agw,Kahua,iso639_3
agx,agx,Aghul,iso639_3
agy,agy,Southern Alta,iso639_3
agz,agz,Mt. Iriga Agta,iso639_3
aha,aha,Ahanta,iso639_3
ahb,ahb,Axamb,iso639_3
ahg,ahg,Qimant,iso639_3
ahh,ahh,Aghu,iso639_3
ahi,ahi,Tiagbamrin Aizi,iso639_3
ahk,ahk,Akha,iso639_3
ahl,ahl,Igo,iso639_3
ahm,ahm,Mobumrin Aizi,iso639_3
ahn,ahn,Àhàn,iso639_3
aho,aho,Ahom,iso639_3
ahp,ahp,Aproumu Aizi,iso639_3
ahr,ahr,Ahirani,iso639_3
ahs,ahs,Ashe,iso639_3
aht,aht,Ahtena,iso639_3
aia,aia,Arosi,iso639_3
aib,aib,Ainu (China),iso639_3
aic,aic,Ainbai,iso639_3
aid,aid,Alngith,iso639_3
aie,aie,Amara,iso639_3
aif,aif,Agi,iso639_3
aig,aig,Antigua and Barbuda Creole English,iso639_3
aih,aih,Ai-Cham,iso639_3
aii,aii,Assyrian Neo-Aramaic,iso639_3
aij,aij,Lishanid Noshan,iso639_3
aik,aik,Ake,iso639_3
ail,ail,Aimele,iso639_3
aim,aim,Aimol,iso639_3
ain,ain,Ainu (Japan),iso639_3
aio,aio,Aiton,iso639_3
aip,aip,Burumakok,iso639_3
aiq,aiq,Aimaq,iso639_3
air,air,Airoran,iso639_3
ait,ait,Arikem,iso639_3
aiw,aiw,Aari,iso639_3
aix,aix,Aighon,iso639_3
aiy,aiy,Ali,iso639_3
aja,aja,Aja (South Sudan),iso639_3
ajg,ajg,Aja (Benin),iso639_3
aji,aji,Ajië,iso639_3
ajn,ajn,Andajin,iso639_3
ajp,ajp,South Levantine Arabic,iso639_3
ajs,ajs,Algerian Jewish Sign Language,iso639_3
aju,aju,Judeo-Moroccan Arabic,iso639_3
ajw,ajw,Ajawa,iso639_3
ajz,ajz,Amri Karbi,iso639_3
aka,aka,Akan,iso639_3
akb,akb,Batak Angkola,iso639_3
akc,akc,Mpur,iso639_3
akd,akd,Ukpet-Ehom,iso639_3
ake,ake,Akawaio,iso639_3
akf,akf,Akpa,iso639_3
akg,akg,Anakalangu,iso639_3
akh,akh,Angal Heneng,iso639_3
aki,aki,Aiome,iso639_3
akj,akj,Aka-Jeru,iso639_3
akk,akk,Akkadian,iso639_3
akl,akl,Aklanon,iso639_3
akm,akm,Aka-Bo,iso639_3
ako,ako,Akurio,iso639_3
akp,akp,Siwu,iso639_3
akq,akq,Ak,iso639_3
akr,akr,Araki,iso639_3
aks,aks,Akaselem,iso639_3
akt,akt,Akolet,iso639_3
aku,aku,Akum,iso639_3
akv,akv,Akhvakh,iso639_3
akw,akw,Akwa,iso639_3
akx,akx,Aka-Kede,iso639_3
aky,aky,Aka-Kol,iso639_3
akz,akz,Alabama,iso639_3
ala,ala,Alago,iso639_3
alb,sqi,Albanian,iso639_2_bibliographic_alias
alc,alc,Qawasqar,iso639_3
ald,ald,Alladian,iso639_3
ale,ale,Aleut,iso639_3
alf,alf,Alege,iso639_3
alg,alg,Algonquian languages,iso639_5_collection
alh,alh,Alawa,iso639_3
ali,ali,Amaimon,iso639_3
alj,alj,Alangan,iso639_3
alk,alk,Alak,iso639_3
all,all,Allar,iso639_3
alm,alm,Amblong,iso639_3
aln,aln,Gheg Albanian,iso639_3
alo,alo,Larike-Wakasihu,iso639_3
alp,alp,Alune,iso639_3
alq,alq,Algonquin,iso639_3
alr,alr,Alutor,iso639_3
als,als,Tosk Albanian,iso639_3
alt,alt,Southern Altai,iso639_3
alu,alu,'Are'are,iso639_3
alv,alv,Atlantic-Congo languages,iso639_5_collection
alw,alw,Alaba-K’abeena,iso639_3
alx,alx,Amol,iso639_3
aly,aly,Alyawarr,iso639_3
alz,alz,Alur,iso639_3
ama,ama,Amanayé,iso639_3
amb,amb,Ambo,iso639_3
amc,amc,Amahuaca,iso639_3
ame,ame,Yanesha',iso639_3
amf,amf,Hamer-Banna,iso639_3
amg,amg,Amurdak,iso639_3
amh,amh,Amharic,iso639_3
ami,ami,Amis,iso639_3
amj,amj,Amdang,iso639_3
amk,amk,Ambai,iso639_3
aml,aml,War-Jaintia,iso639_3
amm,amm,Ama (Papua New Guinea),iso639_3
amn,amn,Amanab,iso639_3
amo,amo,Amo,iso639_3
amp,amp,Alamblak,iso639_3
amq,amq,Amahai,iso639_3
amr,amr,Amarakaeri,iso639_3
ams,ams,Southern Amami-Oshima,iso639_3
amt,amt,Amto,iso639_3
amu,amu,Guerrero Amuzgo,iso639_3
amv,amv,Ambelau,iso639_3
amw,amw,Western Neo-Aramaic,iso639_3
amx,amx,Anmatyerre,iso639_3
amy,amy,Ami,iso639_3
amz,amz,Atampaya,iso639_3
ana,ana,Andaqui,iso639_3
anb,anb,Andoa,iso639_3
anc,anc,Ngas,iso639_3
and,and,Ansus,iso639_3
ane,ane,Xârâcùù,iso639_3
anf,anf,Animere,iso639_3
ang,ang,Old English (ca. 450-1100),iso639_3
anh,anh,Nend,iso639_3
ani,ani,Andi,iso639_3
anj,anj,Anor,iso639_3
ank,ank,Goemai,iso639_3
anl,anl,Anu-Hkongso Chin,iso639_3
anm,anm,Anal,iso639_3
ann,ann,Obolo,iso639_3
ano,ano,Andoque,iso639_3
anp,anp,Angika,iso639_3
anq,anq,Jarawa (India),iso639_3
anr,anr,Andh,iso639_3
ans,ans,Anserma,iso639_3
ant,ant,Antakarinya,iso639_3
anu,anu,Anuak,iso639_3
anv,anv,Denya,iso639_3
anw,anw,Anaang,iso639_3
anx,anx,Andra-Hus,iso639_3
any,any,Anyin,iso639_3
anz,anz,Anem,iso639_3
aoa,aoa,Angolar,iso639_3
aob,aob,Abom,iso639_3
aoc,aoc,Pemon,iso639_3
aod,aod,Andarum,iso639_3
aoe,aoe,Angal Enen,iso639_3
aof,aof,Bragat,iso639_3
aog,aog,Angoram,iso639_3
aoi,aoi,Anindilyakwa,iso639_3
aoj,aoj,Mufian,iso639_3
aok,aok,Arhö,iso639_3
aol,aol,Alor,iso639_3
aom,aom,Ömie,iso639_3
aon,aon,Bumbita Arapesh,iso639_3
aor,aor,Aore,iso639_3
aos,aos,Taikat,iso639_3
aot,aot,Atong (India),iso639_3
aou,aou,A'ou,iso639_3
aox,aox,Atorada,iso639_3
aoz,aoz,Uab Meto,iso639_3
apa,apa,Apache languages,iso639_5_collection
apb,apb,Sa'a,iso639_3
apc,apc,North Levantine Arabic,iso639_3
apd,apd,Sudanese Arabic,iso639_3
ape,ape,Bukiyip,iso639_3
apf,apf,Pahanan Agta,iso639_3
apg,apg,Ampanang,iso639_3
aph,aph,Athpariya,iso639_3
api,api,Apiaká,iso639_3
apj,apj,Jicarilla Apache,iso639_3
apk,apk,Kiowa Apache,iso639_3
apl,apl,Lipan Apache,iso639_3
apm,apm,Mescalero-Chiricahua Apache,iso639_3
apn,apn,Apinayé,iso639_3
apo,apo,Ambul,iso639_3
app,app,Apma,iso639_3
apq,apq,A-Pucikwar,iso639_3
apr,apr,Arop-Lokep,iso639_3
aps,aps,Arop-Sissano,iso639_3
apt,apt,Apatani,iso639_3
apu,apu,Apurinã,iso639_3
apv,apv,Alapmunte,iso639_3
apw,apw,Western Apache,iso639_3
apx,apx,Aputai,iso639_3
apy,apy,Apalaí,iso639_3
apz,apz,Safeyoka,iso639_3
aqa,aqa,Alacalufan languages,iso639_5_collection
aqc,aqc,Archi,iso639_3
aqd,aqd,Ampari Dogon,iso639_3
aqg,aqg,Arigidi,iso639_3
aqk,aqk,Aninka,iso639_3
aql,aql,Algic languages,iso639_5_collection
aqm,aqm,Atohwaim,iso639_3
aqn,aqn,Northern Alta,iso639_3
aqp,aqp,Atakapa,iso639_3
aqr,aqr,Arhâ,iso639_3
aqt,aqt,Angaité,iso639_3
aqz,aqz,Akuntsu,iso639_3
ara,ara,Arabic,iso639_3
arb,arb,Standard Arabic,iso639_3
arc,arc,Official Aramaic (700-300 BCE),iso639_3
ard,ard,Arabana,iso639_3
are,are,Western Arrarnta,iso639_3
arg,arg,Aragonese,iso639_3
arh,arh,Arhuaco,iso639_3
ari,ari,Arikara,iso639_3
arj,arj,Arapaso,iso639_3
ark,ark,Arikapú,iso639_3
arl,arl,Arabela,iso639_3
arm,hye,Armenian,iso639_2_bibliographic_alias
arn,arn,Mapudungun,iso639_3
aro,aro,Araona,iso639_3
arp,arp,Arapaho,iso639_3
arq,arq,Algerian Arabic,iso639_3
arr,arr,Karo (Brazil),iso639_3
ars,ars,Najdi Arabic,iso639_3
art,art,Artificial languages,iso639_5_collection
aru,aru,Aruá (Amazonas State),iso639_3
arv,arv,Arbore,iso639_3
arw,arw,Arawak,iso639_3
arx,arx,Aruá (Rodonia State),iso639_3
ary,ary,Moroccan Arabic,iso639_3
arz,arz,Egyptian Arabic,iso639_3
asa,asa,Asu (Tanzania),iso639_3
asb,asb,Assiniboine,iso639_3
asc,asc,Casuarina Coast Asmat,iso639_3
ase,ase,American Sign Language,iso639_3
asf,asf,Auslan,iso639_3
asg,asg,Cishingini,iso639_3
ash,ash,Abishira,iso639_3
asi,asi,Buruwai,iso639_3
asj,asj,Sari,iso639_3
ask,ask,Ashkun,iso639_3
asl,asl,Asilulu,iso639_3
asm,asm,Assamese,iso639_3
asn,asn,Xingú Asuriní,iso639_3
aso,aso,Dano,iso639_3
asp,asp,Algerian Sign Language,iso639_3
asq,asq,Austrian Sign Language,iso639_3
asr,asr,Asuri,iso639_3
ass,ass,Ipulo,iso639_3
ast,ast,Asturian,iso639_3
asu,asu,Tocantins Asurini,iso639_3
asv,asv,Asoa,iso639_3
asw,asw,Australian Aborigines Sign Language,iso639_3
asx,asx,Muratayak,iso639_3
asy,asy,Yaosakor Asmat,iso639_3
asz,asz,As,iso639_3
ata,ata,Pele-Ata,iso639_3
atb,atb,Zaiwa,iso639_3
atc,atc,Atsahuaca,iso639_3
atd,atd,Ata Manobo,iso639_3
ate,ate,Atemble,iso639_3
atg,atg,Ivbie North-Okpela-Arhe,iso639_3
ath,ath,Athapascan languages,iso639_5_collection
ati,ati,Attié,iso639_3
atj,atj,Atikamekw,iso639_3
atk,atk,Ati,iso639_3
atl,atl,Mt. Iraya Agta,iso639_3
atm,atm,Ata,iso639_3
atn,atn,Ashtiani,iso639_3
ato,ato,Atong (Cameroon),iso639_3
atp,atp,Pudtol Atta,iso639_3
atq,atq,Aralle-Tabulahan,iso639_3
atr,atr,Waimiri-Atroari,iso639_3
ats,ats,Gros Ventre,iso639_3
att,att,Pamplona Atta,iso639_3
atu,atu,Reel,iso639_3
atv,atv,Northern Altai,iso639_3
atw,atw,Atsugewi,iso639_3
atx,atx,Arutani,iso639_3
aty,aty,Aneityum,iso639_3
atz,atz,Arta,iso639_3
aua,aua,Asumboa,iso639_3
aub,aub,Alugu,iso639_3
auc,auc,Waorani,iso639_3
aud,aud,Anuta,iso639_3
auf,auf,Arauan languages,iso639_5_collection
aug,aug,Aguna,iso639_3
auh,auh,Aushi,iso639_3
aui,aui,Anuki,iso639_3
auj,auj,Awjilah,iso639_3
auk,auk,Heyo,iso639_3
aul,aul,Aulua,iso639_3
aum,aum,Asu (Nigeria),iso639_3
aun,aun,Molmo One,iso639_3
auo,auo,Auyokawa,iso639_3
aup,aup,Makayam,iso639_3
auq,auq,Anus,iso639_3
aur,aur,Aruek,iso639_3
aus,aus,Australian languages,iso639_5_collection
aut,aut,Austral,iso639_3
auu,auu,Auye,iso639_3
auw,auw,Awyi,iso639_3
aux,aux,Aurá,iso639_3
auy,auy,Awiyaana,iso639_3
auz,auz,Uzbeki Arabic,iso639_3
ava,ava,Avaric,iso639_3
avb,avb,Avau,iso639_3
avd,avd,Alviri-Vidari,iso639_3
ave,ave,Avestan,iso639_3
avi,avi,Avikam,iso639_3
avk,avk,Kotava,iso639_3
avl,avl,Eastern Egyptian Bedawi Arabic,iso639_3
avm,avm,Angkamuthi,iso639_3
avn,avn,Avatime,iso639_3
avo,avo,Agavotaguerra,iso639_3
avs,avs,Aushiri,iso639_3
avt,avt,Au,iso639_3
avu,avu,Avokaya,iso639_3
avv,avv,Avá-Canoeiro,iso639_3
awa,awa,Awadhi,iso639_3
awb,awb,Awa (Papua New Guinea),iso639_3
awc,awc,Cicipu,iso639_3
awd,awd,Arawakan languages,iso639_5_collection
awe,awe,Awetí,iso639_3
awg,awg,Anguthimri,iso639_3
awh,awh,Awbono,iso639_3
awi,awi,Aekyom,iso639_3
awk,awk,Awabakal,iso639_3
awm,awm,Arawum,iso639_3
awn,awn,Awngi,iso639_3
awo,awo,Awak,iso639_3
awr,awr,Awera,iso639_3
aws,aws,South Awyu,iso639_3
awt,awt,Araweté,iso639_3
awu,awu,Central Awyu,iso639_3
awv,awv,Jair Awyu,iso639_3
aww,aww,Awun,iso639_3
awx,awx,Awara,iso639_3
awy,awy,Edera Awyu,iso639_3
axb,axb,Abipon,iso639_3
axe,axe,Ayerrerenge,iso639_3
axg,axg,Mato Grosso Arára,iso639_3
axk,axk,Yaka (Central African Republic),iso639_3
axl,axl,Lower Southern Aranda,iso639_3
axm,axm,Middle Armenian,iso639_3
axx,axx,Xârâgurè,iso639_3
aya,aya,Awar,iso639_3
ayb,ayb,Ayizo Gbe,iso639_3
ayc,ayc,Southern Aymara,iso639_3
ayd,ayd,Ayabadhu,iso639_3
aye,aye,Ayere,iso639_3
ayg,ayg,Ginyanga,iso639_3
ayh,ayh,Hadrami Arabic,iso639_3
ayi,ayi,Leyigha,iso639_3
ayk,ayk,Akuku,iso639_3
ayl,ayl,Libyan Arabic,iso639_3
aym,aym,Aymara,iso639_3
ayn,ayn,Sanaani Arabic,iso639_3
ayo,ayo,Ayoreo,iso639_3
ayp,ayp,North Mesopotamian Arabic,iso639_3
ayq,ayq,Ayi (Papua New Guinea),iso639_3
ayr,ayr,Central Aymara,iso639_3
ays,ays,Sorsogon Ayta,iso639_3
ayt,ayt,Magbukun Ayta,iso639_3
ayu,ayu,Ayu,iso639_3
ayz,ayz,Mai Brat,iso639_3
aza,aza,Azha,iso639_3
azb,azb,South Azerbaijani,iso639_3
azc,azc,Uto-Aztecan languages,iso639_5_collection
azd,azd,Eastern Durango Nahuatl,iso639_3
aze,aze,Azerbaijani,iso639_3
azg,azg,San Pedro Amuzgos Amuzgo,iso639_3
azj,azj,North Azerbaijani,iso639_3
azm,azm,Ipalapa Amuzgo,iso639_3
azn,azn,Western Durango Nahuatl,iso639_3
azo,azo,Awing,iso639_3
azt,azt,Faire Atta,iso639_3
azz,azz,Highland Puebla Nahuatl,iso639_3
baa,baa,Babatana,iso639_3
bab,bab,Bainouk-Gunyuño,iso639_3
bac,bac,Badui,iso639_3
bad,bad,Banda languages,iso639_5_collection
bae,bae,Baré,iso639_3
baf,baf,Nubaca,iso639_3
bag,bag,Tuki,iso639_3
bah,bah,Bahamas Creole English,iso639_3
bai,bai,Bamileke languages,iso639_5_collection
baj,baj,Barakai,iso639_3
bak,bak,Bashkir,iso639_3
bal,bal,Baluchi,iso639_3
bam,bam,Bambara,iso639_3
ban,ban,Balinese,iso639_3
bao,bao,Waimaha,iso639_3
bap,bap,Bantawa,iso639_3
baq,eus,Basque,iso639_2_bibliographic_alias
bar,bar,Bavarian,iso639_3
bas,bas,Basa (Cameroon),iso639_3
bat,bat,Baltic languages,iso639_5_collection
bau,bau,Bada (Nigeria),iso639_3
bav,bav,Vengo,iso639_3
baw,baw,Bambili-Bambui,iso639_3
bax,bax,Bamun,iso639_3
bay,bay,Batuley,iso639_3
bba,bba,Baatonum,iso639_3
bbb,bbb,Barai,iso639_3
bbc,bbc,Batak Toba,iso639_3
bbd,bbd,Bau,iso639_3
bbe,bbe,Bangba,iso639_3
bbf,bbf,Baibai,iso639_3
bbg,bbg,Barama,iso639_3
bbh,bbh,Bugan,iso639_3
bbi,bbi,Barombi,iso639_3
bbj,bbj,Ghomálá',iso639_3
bbk,bbk,Babanki,iso639_3
bbl,bbl,Bats,iso639_3
bbm,bbm,Babango,iso639_3
bbn,bbn,Uneapa,iso639_3
bbo,bbo,Northern Bobo Madaré,iso639_3
bbp,bbp,West Central Banda,iso639_3
bbq,bbq,Bamali,iso639_3
bbr,bbr,Girawa,iso639_3
bbs,bbs,Bakpinka,iso639_3
bbt,bbt,Mburku,iso639_3
bbu,bbu,Kulung (Nigeria),iso639_3
bbv,bbv,Karnai,iso639_3
bbw,bbw,Baba,iso639_3
bbx,bbx,Bubia,iso639_3
bby,bby,Befang,iso639_3
bca,bca,Central Bai,iso639_3
bcb,bcb,Bainouk-Samik,iso639_3
bcc,bcc,Southern Balochi,iso639_3
bcd,bcd,North Babar,iso639_3
bce,bce,Bamenyam,iso639_3
bcf,bcf,Bamu,iso639_3
bcg,bcg,Baga Pokur,iso639_3
bch,bch,Bariai,iso639_3
bci,bci,Baoulé,iso639_3
bcj,bcj,Bardi,iso639_3
bck,bck,Bunuba,iso639_3
bcl,bcl,Central Bikol,iso639_3
bcm,bcm,Bannoni,iso639_3
bcn,bcn,Bali (Nigeria),iso639_3
bco,bco,Kaluli,iso639_3
bcp,bcp,Bali (Democratic Republic of Congo),iso639_3
bcq,bcq,Bench,iso639_3
bcr,bcr,Babine,iso639_3
bcs,bcs,Kohumono,iso639_3
bct,bct,Bendi,iso639_3
bcu,bcu,Awad Bing,iso639_3
bcv,bcv,Shoo-Minda-Nye,iso639_3
bcw,bcw,Bana,iso639_3
bcy,bcy,Bacama,iso639_3
bcz,bcz,Bainouk-Gunyaamolo,iso639_3
bda,bda,Bayot,iso639_3
bdb,bdb,Basap,iso639_3
bdc,bdc,Emberá-Baudó,iso639_3
bdd,bdd,Bunama,iso639_3
bde,bde,Bade,iso639_3
bdf,bdf,Biage,iso639_3
bdg,bdg,Bonggi,iso639_3
bdh,bdh,Baka (South Sudan),iso639_3
bdi,bdi,Burun,iso639_3
bdj,bdj,Bai (South Sudan),iso639_3
bdk,bdk,Budukh,iso639_3
bdl,bdl,Indonesian Bajau,iso639_3
bdm,bdm,Buduma,iso639_3
bdn,bdn,Baldemu,iso639_3
bdo,bdo,Morom,iso639_3
bdp,bdp,Bende,iso639_3
bdq,bdq,Bahnar,iso639_3
bdr,bdr,West Coast Bajau,iso639_3
bds,bds,Burunge,iso639_3
bdt,bdt,Bokoto,iso639_3
bdu,bdu,Oroko,iso639_3
bdv,bdv,Bodo Parja,iso639_3
bdw,bdw,Baham,iso639_3
bdx,bdx,Budong-Budong,iso639_3
bdy,bdy,Bandjalang,iso639_3
bdz,bdz,Badeshi,iso639_3
bea,bea,Beaver,iso639_3
beb,beb,Bebele,iso639_3
bec,bec,Iceve-Maci,iso639_3
bed,bed,Bedoanas,iso639_3
bee,bee,Byangsi,iso639_3
bef,bef,Benabena,iso639_3
beg,beg,Belait,iso639_3
beh,beh,Biali,iso639_3
bei,bei,Bekati',iso639_3
bej,bej,Beja,iso639_3
bek,bek,Bebeli,iso639_3
bel,bel,Belarusian,iso639_3
bem,bem,Bemba (Zambia),iso639_3
ben,ben,Bengali,iso639_3
beo,beo,Beami,iso639_3
bep,bep,Besoa,iso639_3
beq,beq,Beembe,iso639_3
ber,ber,Berber languages,iso639_5_collection
bes,bes,Besme,iso639_3
bet,bet,Guiberoua Béte,iso639_3
beu,beu,Blagar,iso639_3
bev,bev,Daloa Bété,iso639_3
bew,bew,Betawi,iso639_3
bex,bex,Jur Modo,iso639_3
bey,bey,Beli (Papua New Guinea),iso639_3
bez,bez,Bena (Tanzania),iso639_3
bfa,bfa,Bari,iso639_3
bfb,bfb,Pauri Bareli,iso639_3
bfc,bfc,Panyi Bai,iso639_3
bfd,bfd,Bafut,iso639_3
bfe,bfe,Betaf,iso639_3
bff,bff,Bofi,iso639_3
bfg,bfg,Busang Kayan,iso639_3
bfh,bfh,Blafe,iso639_3
bfi,bfi,British Sign Language,iso639_3
bfj,bfj,Bafanji,iso639_3
bfk,bfk,Ban Khor Sign Language,iso639_3
bfl,bfl,Banda-Ndélé,iso639_3
bfm,bfm,Mmen,iso639_3
bfn,bfn,Bunak,iso639_3
bfo,bfo,Malba Birifor,iso639_3
bfp,bfp,Beba,iso639_3
bfq,bfq,Badaga,iso639_3
bfr,bfr,Bazigar,iso639_3
bfs,bfs,Southern Bai,iso639_3
bft,bft,Balti,iso639_3
bfu,bfu,Gahri,iso639_3
bfw,bfw,Bondo,iso639_3
bfx,bfx,Bantayanon,iso639_3
bfy,bfy,Bagheli,iso639_3
bfz,bfz,Mahasu Pahari,iso639_3
bga,bga,Gwamhi-Wuri,iso639_3
bgb,bgb,Bobongko,iso639_3
bgc,bgc,Haryanvi,iso639_3
bgd,bgd,Rathwi Bareli,iso639_3
bge,bge,Bauria,iso639_3
bgf,bgf,Bangandu,iso639_3
bgg,bgg,Bugun,iso639_3
bgi,bgi,Giangan,iso639_3
bgj,bgj,Bangolan,iso639_3
bgk,bgk,Bit,iso639_3
bgl,bgl,Bo (Laos),iso639_3
bgn,bgn,Western Balochi,iso639_3
bgo,bgo,Baga Koga,iso639_3
bgp,bgp,Eastern Balochi,iso639_3
bgq,bgq,Bagri,iso639_3
bgr,bgr,Bawm Chin,iso639_3
bgs,bgs,Tagabawa,iso639_3
bgt,bgt,Bughotu,iso639_3
bgu,bgu,Mbongno,iso639_3
bgv,bgv,Warkay-Bipim,iso639_3
bgw,bgw,Bhatri,iso639_3
bgx,bgx,Balkan Gagauz Turkish,iso639_3
bgy,bgy,Benggoi,iso639_3
bgz,bgz,Banggai,iso639_3
bha,bha,Bharia,iso639_3
bhb,bhb,Bhili,iso639_3
bhc,bhc,Biga,iso639_3
bhd,bhd,Bhadrawahi,iso639_3
bhe,bhe,Bhaya,iso639_3
bhf,bhf,Odiai,iso639_3
bhg,bhg,Binandere,iso639_3
bhh,bhh,Bukharic,iso639_3
bhi,bhi,Bhilali,iso639_3
bhj,bhj,Bahing,iso639_3
bhl,bhl,Bimin,iso639_3
bhm,bhm,Bathari,iso639_3
bhn,bhn,Bohtan Neo-Aramaic,iso639_3
bho,bho,Bhojpuri,iso639_3
bhp,bhp,Bima,iso639_3
bhq,bhq,Tukang Besi South,iso639_3
bhr,bhr,Bara Malagasy,iso639_3
bhs,bhs,Buwal,iso639_3
bht,bht,Bhattiyali,iso639_3
bhu,bhu,Bhunjia,iso639_3
bhv,bhv,Bahau,iso639_3
bhw,bhw,Biak,iso639_3
bhx,bhx,Bhalay,iso639_3
bhy,bhy,Bhele,iso639_3
bhz,bhz,Bada (Indonesia),iso639_3
bia,bia,Badimaya,iso639_3
bib,bib,Bissa,iso639_3
bid,bid,Bidiyo,iso639_3
bie,bie,Bepour,iso639_3
bif,bif,Biafada,iso639_3
big,big,Biangai,iso639_3
bih,bih,Bihari languages,iso639_5_collection
bik,bik,Bikol,iso639_3
bil,bil,Bile,iso639_3
bim,bim,Bimoba,iso639_3
bin,bin,Bini,iso639_3
bio,bio,Nai,iso639_3
bip,bip,Bila,iso639_3
biq,biq,Bipi,iso639_3
bir,bir,Bisorio,iso639_3
bis,bis,Bislama,iso639_3
bit,bit,Berinomo,iso639_3
biu,biu,Biete,iso639_3
biv,biv,Southern Birifor,iso639_3
biw,biw,Kol (Cameroon),iso639_3
bix,bix,Bijori,iso639_3
biy,biy,Birhor,iso639_3
biz,biz,Baloi,iso639_3
bja,bja,Budza,iso639_3
bjb,bjb,Banggarla,iso639_3
bjc,bjc,Bariji,iso639_3
bje,bje,Biao-Jiao Mien,iso639_3
bjf,bjf,Barzani Jewish Neo-Aramaic,iso639_3
bjg,bjg,Bidyogo,iso639_3
bjh,bjh,Bahinemo,iso639_3
bji,bji,Burji,iso639_3
bjj,bjj,Kanauji,iso639_3
bjk,bjk,Barok,iso639_3
bjl,bjl,Bulu (Papua New Guinea),iso639_3
bjm,bjm,Bajelani,iso639_3
bjn,bjn,Banjar,iso639_3
bjo,bjo,Mid-Southern Banda,iso639_3
bjp,bjp,Fanamaket,iso639_3
bjr,bjr,Binumarien,iso639_3
bjs,bjs,Bajan,iso639_3
bjt,bjt,Balanta-Ganja,iso639_3
bju,bju,Busuu,iso639_3
bjv,bjv,Bedjond,iso639_3
bjw,bjw,Bakwé,iso639_3
bjx,bjx,Banao Itneg,iso639_3
bjy,bjy,Bayali,iso639_3
bjz,bjz,Baruga,iso639_3
bka,bka,Kyak,iso639_3
bkc,bkc,Baka (Cameroon),iso639_3
bkd,bkd,Binukid,iso639_3
bkf,bkf,Beeke,iso639_3
bkg,bkg,Buraka,iso639_3
bkh,bkh,Bakoko,iso639_3
bki,bki,Baki,iso639_3
bkj,bkj,Pande,iso639_3
bkk,bkk,Brokskat,iso639_3
bkl,bkl,Berik,iso639_3
bkm,bkm,Kom (Cameroon),iso639_3
bkn,bkn,Bukitan,iso639_3
bko,bko,Kwa',iso639_3
bkp,bkp,Boko (Democratic Republic of Congo),iso639_3
bkq,bkq,Bakairí,iso639_3
bkr,bkr,Bakumpai,iso639_3
bks,bks,Northern Sorsoganon,iso639_3
bkt,bkt,Boloki,iso639_3
bku,bku,Buhid,iso639_3
bkv,bkv,Bekwarra,iso639_3
bkw,bkw,Bekwel,iso639_3
bkx,bkx,Baikeno,iso639_3
bky,bky,Bokyi,iso639_3
bkz,bkz,Bungku,iso639_3
bla,bla,Siksika,iso639_3
blb,blb,Bilua,iso639_3
blc,blc,Bella Coola,iso639_3
bld,bld,Bolango,iso639_3
ble,ble,Balanta-Kentohe,iso639_3
blf,blf,Buol,iso639_3
blh,blh,Kuwaa,iso639_3
bli,bli,Bolia,iso639_3
blj,blj,Bolongan,iso639_3
blk,blk,Pa'o Karen,iso639_3
bll,bll,Biloxi,iso639_3
blm,blm,Beli (South Sudan),iso639_3
bln,bln,Southern Catanduanes Bikol,iso639_3
blo,blo,Anii,iso639_3
blp,blp,Blablanga,iso639_3
blq,blq,Baluan-Pam,iso639_3
blr,blr,Blang,iso639_3
bls,bls,Balaesang,iso639_3
blt,blt,Tai Dam,iso639_3
blv,blv,Kibala,iso639_3
blw,blw,Balangao,iso639_3
blx,blx,Mag-Indi Ayta,iso639_3
bly,bly,Notre,iso639_3
blz,blz,Balantak,iso639_3
bma,bma,Lame,iso639_3
bmb,bmb,Bembe,iso639_3
bmc,bmc,Biem,iso639_3
bmd,bmd,Baga Manduri,iso639_3
bme,bme,Limassa,iso639_3
bmf,bmf,Bom-Kim,iso639_3
bmg,bmg,Bamwe,iso639_3
bmh,bmh,Kein,iso639_3
bmi,bmi,Bagirmi,iso639_3
bmj,bmj,Bote-Majhi,iso639_3
bmk,bmk,Ghayavi,iso639_3
bml,bml,Bomboli,iso639_3
bmm,bmm,Northern Betsimisaraka Malagasy,iso639_3
bmn,bmn,Bina (Papua New Guinea),iso639_3
bmo,bmo,Bambalang,iso639_3
bmp,bmp,Bulgebi,iso639_3
bmq,bmq,Bomu,iso639_3
bmr,bmr,Muinane,iso639_3
bms,bms,Bilma Kanuri,iso639_3
bmt,bmt,Biao Mon,iso639_3
bmu,bmu,Somba-Siawari,iso639_3
bmv,bmv,Bum,iso639_3
bmw,bmw,Bomwali,iso639_3
bmx,bmx,Baimak,iso639_3
bmz,bmz,Baramu,iso639_3
bna,bna,Bonerate,iso639_3
bnb,bnb,Bookan,iso639_3
bnc,bnc,Bontok,iso639_3
bnd,bnd,Banda (Indonesia),iso639_3
bne,bne,Bintauna,iso639_3
bnf,bnf,Masiwang,iso639_3
bng,bng,Benga,iso639_3
bni,bni,Bangi,iso639_3
bnj,bnj,Eastern Tawbuid,iso639_3
bnk,bnk,Bierebo,iso639_3
bnl,bnl,Boon,iso639_3
bnm,bnm,Batanga,iso639_3
bnn,bnn,Bunun,iso639_3
bno,bno,Bantoanon,iso639_3
bnp,bnp,Bola,iso639_3
bnq,bnq,Bantik,iso639_3
bnr,bnr,Butmas-Tur,iso639_3
bns,bns,Bundeli,iso639_3
bnt,bnt,Bantu languages,iso639_5_collection
bnu,bnu,Bentong,iso639_3
bnv,bnv,Bonerif,iso639_3
bnw,bnw,Bisis,iso639_3
bnx,bnx,Bangubangu,iso639_3
bny,bny,Bintulu,iso639_3
bnz,bnz,Beezen,iso639_3
boa,boa,Bora,iso639_3
bob,bob,Aweer,iso639_3
bod,bod,Tibetan,iso639_3
boe,boe,Mundabli,iso639_3
bof,bof,Bolon,iso639_3
bog,bog,Bamako Sign Language,iso639_3
boh,boh,Boma,iso639_3
boi,boi,Barbareño,iso639_3
boj,boj,Anjam,iso639_3
bok,bok,Bonjo,iso639_3
bol,bol,Bole,iso639_3
bom,bom,Berom,iso639_3
bon,bon,Bine,iso639_3
boo,boo,Tiemacèwè Bozo,iso639_3
bop,bop,Bonkiman,iso639_3
boq,boq,Bogaya,iso639_3
bor,bor,Borôro,iso639_3
bos,bos,Bosnian,iso639_3
bot,bot,Bongo,iso639_3
bou,bou,Bondei,iso639_3
bov,bov,Tuwuli,iso639_3
bow,bow,Rema,iso639_3
box,box,Buamu,iso639_3
boy,boy,Bodo (Central African Republic),iso639_3
boz,boz,Tiéyaxo Bozo,iso639_3
bpa,bpa,Daakaka,iso639_3
bpc,bpc,Mbuk,iso639_3
bpd,bpd,Banda-Banda,iso639_3
bpe,bpe,Bauni,iso639_3
bpg,bpg,Bonggo,iso639_3
bph,bph,Botlikh,iso639_3
bpi,bpi,Bagupi,iso639_3
bpj,bpj,Binji,iso639_3
bpk,bpk,Orowe,iso639_3
bpl,bpl,Broome Pearling Lugger Pidgin,iso639_3
bpm,bpm,Biyom,iso639_3
bpn,bpn,Dzao Min,iso639_3
bpo,bpo,Anasi,iso639_3
bpp,bpp,Kaure,iso639_3
bpq,bpq,Banda Malay,iso639_3
bpr,bpr,Koronadal Blaan,iso639_3
bps,bps,Sarangani Blaan,iso639_3
bpt,bpt,Barrow Point,iso639_3
bpu,bpu,Bongu,iso639_3
bpv,bpv,Bian Marind,iso639_3
bpw,bpw,Bo (Papua New Guinea),iso639_3
bpx,bpx,Palya Bareli,iso639_3
bpy,bpy,Bishnupriya,iso639_3
bpz,bpz,Bilba,iso639_3
bqa,bqa,Tchumbuli,iso639_3
bqb,bqb,Bagusa,iso639_3
bqc,bqc,Boko (Benin),iso639_3
bqd,bqd,Bung,iso639_3
bqf,bqf,Baga Kaloum,iso639_3
bqg,bqg,Bago-Kusuntu,iso639_3
bqh,bqh,Baima,iso639_3
bqi,bqi,Bakhtiari,iso639_3
bqj,bqj,Bandial,iso639_3
bqk,bqk,Banda-Mbrès,iso639_3
bql,bql,Bilakura,iso639_3
bqm,bqm,Wumboko,iso639_3
bqn,bqn,Bulgarian Sign Language,iso639_3
bqo,bqo,Balo,iso639_3
bqp,bqp,Busa,iso639_3
bqq,bqq,Biritai,iso639_3
bqr,bqr,Burusu,iso639_3
bqs,bqs,Bosngun,iso639_3
bqt,bqt,Bamukumbit,iso639_3
bqu,bqu,Boguru,iso639_3
bqv,bqv,Koro Wachi,iso639_3
bqw,bqw,Buru (Nigeria),iso639_3
bqx,bqx,Baangi,iso639_3
bqy,bqy,Bengkala Sign Language,iso639_3
bqz,bqz,Bakaka,iso639_3
bra,bra,Braj,iso639_3
brb,brb,Brao,iso639_3
brc,brc,Berbice Creole Dutch,iso639_3
brd,brd,Baraamu,iso639_3
bre,bre,Breton,iso639_3
brf,brf,Bira,iso639_3
brg,brg,Baure,iso639_3
brh,brh,Brahui,iso639_3
bri,bri,Mokpwe,iso639_3
brj,brj,Bieria,iso639_3
brk,brk,Birked,iso639_3
brl,brl,Birwa,iso639_3
brm,brm,Barambu,iso639_3
brn,brn,Boruca,iso639_3
bro,bro,Brokkat,iso639_3
brp,brp,Barapasi,iso639_3
brq,brq,Breri,iso639_3
brr,brr,Birao,iso639_3
brs,brs,Baras,iso639_3
brt,brt,Bitare,iso639_3
bru,bru,Eastern Bru,iso639_3
brv,brv,Western Bru,iso639_3
brw,brw,Bellari,iso639_3
brx,brx,Bodo (India),iso639_3
bry,bry,Burui,iso639_3
brz,brz,Bilbil,iso639_3
bsa,bsa,Abinomn,iso639_3
bsb,bsb,Brunei Bisaya,iso639_3
bsc,bsc,Bassari,iso639_3
bse,bse,Wushi,iso639_3
bsf,bsf,Bauchi,iso639_3
bsg,bsg,Bashkardi,iso639_3
bsh,bsh,Kati,iso639_3
bsi,bsi,Bassossi,iso639_3
bsj,bsj,Bangwinji,iso639_3
bsk,bsk,Burushaski,iso639_3
bsl,bsl,Basa-Gumna,iso639_3
bsm,bsm,Busami,iso639_3
bsn,bsn,Barasana-Eduria,iso639_3
bso,bso,Buso,iso639_3
bsp,bsp,Baga Sitemu,iso639_3
bsq,bsq,Bassa,iso639_3
bsr,bsr,Bassa-Kontagora,iso639_3
bss,bss,Akoose,iso639_3
bst,bst,Basketo,iso639_3
bsu,bsu,Bahonsuai,iso639_3
bsv,bsv,Baga Sobané,iso639_3
bsw,bsw,Baiso,iso639_3
bsx,bsx,Yangkam,iso639_3
bsy,bsy,Sabah Bisaya,iso639_3
bta,bta,Bata,iso639_3
btc,btc,Bati (Cameroon),iso639_3
btd,btd,Batak Dairi,iso639_3
bte,bte,Gamo-Ningi,iso639_3
btf,btf,Birgit,iso639_3
btg,btg,Gagnoa Bété,iso639_3
bth,bth,Biatah Bidayuh,iso639_3
bti,bti,Burate,iso639_3
btj,btj,Bacanese Malay,iso639_3
btk,btk,Batak languages,iso639_5_collection
btm,btm,Batak Mandailing,iso639_3
btn,btn,Ratagnon,iso639_3
bto,bto,Rinconada Bikol,iso639_3
btp,btp,Budibud,iso639_3
btq,btq,Batek,iso639_3
btr,btr,Baetora,iso639_3
bts,bts,Batak Simalungun,iso639_3
btt,btt,Bete-Bendi,iso639_3
btu,btu,Batu,iso639_3
btv,btv,Bateri,iso639_3
btw,btw,Butuanon,iso639_3
btx,btx,Batak Karo,iso639_3
bty,bty,Bobot,iso639_3
btz,btz,Batak Alas-Kluet,iso639_3
bua,bua,Buriat,iso639_3
bub,bub,Bua,iso639_3
buc,buc,Bushi,iso639_3
bud,bud,Ntcham,iso639_3
bue,bue,Beothuk,iso639_3
buf,buf,Bushoong,iso639_3
bug,bug,Buginese,iso639_3
buh,buh,Younuo Bunu,iso639_3
bui,bui,Bongili,iso639_3
buj,buj,Basa-Gurmana,iso639_3
buk,buk,Bugawac,iso639_3
bul,bul,Bulgarian,iso639_3
bum,bum,Bulu (Cameroon),iso639_3
bun,bun,Sherbro,iso639_3
buo,buo,Terei,iso639_3
bup,bup,Busoa,iso639_3
buq,buq,Brem,iso639_3
bur,mya,Burmese,iso639_2_bibliographic_alias
bus,bus,Bokobaru,iso639_3
but,but,Bungain,iso639_3
buu,buu,Budu,iso639_3
buv,buv,Bun,iso639_3
buw,buw,Bubi,iso639_3
bux,bux,Boghom,iso639_3
buy,buy,Bullom So,iso639_3
buz,buz,Bukwen,iso639_3
bva,bva,Barein,iso639_3
bvb,bvb,Bube,iso639_3
bvc,bvc,Baelelea,iso639_3
bvd,bvd,Baeggu,iso639_3
bve,bve,Berau Malay,iso639_3
bvf,bvf,Boor,iso639_3
bvg,bvg,Bonkeng,iso639_3
bvh,bvh,Bure,iso639_3
bvi,bvi,Belanda Viri,iso639_3
bvj,bvj,Baan,iso639_3
bvk,bvk,Bukat,iso639_3
bvl,bvl,Bolivian Sign Language,iso639_3
bvm,bvm,Bamunka,iso639_3
bvn,bvn,Buna,iso639_3
bvo,bvo,Bolgo,iso639_3
bvp,bvp,Bumang,iso639_3
bvq,bvq,Birri,iso639_3
bvr,bvr,Burarra,iso639_3
bvt,bvt,Bati (Indonesia),iso639_3
bvu,bvu,Bukit Malay,iso639_3
bvv,bvv,Baniva,iso639_3
bvw,bvw,Boga,iso639_3
bvx,bvx,Dibole,iso639_3
bvy,bvy,Baybayanon,iso639_3
bvz,bvz,Bauzi,iso639_3
bwa,bwa,Bwatoo,iso639_3
bwb,bwb,Namosi-Naitasiri-Serua,iso639_3
bwc,bwc,Bwile,iso639_3
bwd,bwd,Bwaidoka,iso639_3
bwe,bwe,Bwe Karen,iso639_3
bwf,bwf,Boselewa,iso639_3
bwg,bwg,Barwe,iso639_3
bwh,bwh,Bishuo,iso639_3
bwi,bwi,Baniwa,iso639_3
bwj,bwj,Láá Láá Bwamu,iso639_3
bwk,bwk,Bauwaki,iso639_3
bwl,bwl,Bwela,iso639_3
bwm,bwm,Biwat,iso639_3
bwn,bwn,Wunai Bunu,iso639_3
bwo,bwo,Boro (Ethiopia),iso639_3
bwp,bwp,Mandobo Bawah,iso639_3
bwq,bwq,Southern Bobo Madaré,iso639_3
bwr,bwr,Bura-Pabir,iso639_3
bws,bws,Bomboma,iso639_3
bwt,bwt,Bafaw-Balong,iso639_3
bwu,bwu,Buli (Ghana),iso639_3
bww,bww,Bwa,iso639_3
bwx,bwx,Bu-Nao Bunu,iso639_3
bwy,bwy,Cwi Bwamu,iso639_3
bwz,bwz,Bwisi,iso639_3
bxa,bxa,Tairaha,iso639_3
bxb,bxb,Belanda Bor,iso639_3
bxc,bxc,Molengue,iso639_3
bxd,bxd,Pela,iso639_3
bxe,bxe,Birale,iso639_3
bxf,bxf,Bilur,iso639_3
bxg,bxg,Bangala,iso639_3
bxh,bxh,Buhutu,iso639_3
bxi,bxi,Pirlatapa,iso639_3
bxj,bxj,Bayungu,iso639_3
bxk,bxk,Bukusu,iso639_3
bxl,bxl,Jalkunan,iso639_3
bxm,bxm,Mongolia Buriat,iso639_3
bxn,bxn,Burduna,iso639_3
bxo,bxo,Barikanchi,iso639_3
bxp,bxp,Bebil,iso639_3
bxq,bxq,Beele,iso639_3
bxr,bxr,Russia Buriat,iso639_3
bxs,bxs,Busam,iso639_3
bxu,bxu,China Buriat,iso639_3
bxv,bxv,Berakou,iso639_3
bxw,bxw,Bankagooma,iso639_3
bxz,bxz,Binahari,iso639_3
bya,bya,Batak,iso639_3
byb,byb,Bikya,iso639_3
byc,byc,Ubaghara,iso639_3
byd,byd,Benyadu',iso639_3
bye,bye,Pouye,iso639_3
byf,byf,Bete,iso639_3
byg,byg,Baygo,iso639_3
byh,byh,Bhujel,iso639_3
byi,byi,Buyu,iso639_3
byj,byj,Bina (Nigeria),iso639_3
byk,byk,Biao,iso639_3
byl,byl,Bayono,iso639_3
bym,bym,Bidjara,iso639_3
byn,byn,Bilin,iso639_3
byo,byo,Biyo,iso639_3
byp,byp,Bumaji,iso639_3
byq,byq,Basay,iso639_3
byr,byr,Baruya,iso639_3
bys,bys,Burak,iso639_3
byt,byt,Berti,iso639_3
byv,byv,Medumba,iso639_3
byw,byw,Belhariya,iso639_3
byx,byx,Qaqet,iso639_3
byz,byz,Banaro,iso639_3
bza,bza,Bandi,iso639_3
bzb,bzb,Andio,iso639_3
bzc,bzc,Southern Betsimisaraka Malagasy,iso639_3
bzd,bzd,Bribri,iso639_3
bze,bze,Jenaama Bozo,iso639_3
bzf,bzf,Boikin,iso639_3
bzg,bzg,Babuza,iso639_3
bzh,bzh,Mapos Buang,iso639_3
bzi,bzi,Bisu,iso639_3
bzj,bzj,Belize Kriol English,iso639_3
bzk,bzk,Nicaragua Creole English,iso639_3
bzl,bzl,Boano (Sulawesi),iso639_3
bzm,bzm,Bolondo,iso639_3
bzn,bzn,Boano (Maluku),iso639_3
bzo,bzo,Bozaba,iso639_3
bzp,bzp,Kemberano,iso639_3
bzq,bzq,Buli (Indonesia),iso639_3
bzr,bzr,Biri,iso639_3
bzs,bzs,Brazilian Sign Language,iso639_3
bzt,bzt,Brithenig,iso639_3
bzu,bzu,Burmeso,iso639_3
bzv,bzv,Naami,iso639_3
bzw,bzw,Basa (Nigeria),iso639_3
bzx,bzx,Kɛlɛngaxo Bozo,iso639_3
bzy,bzy,Obanliku,iso639_3
bzz,bzz,Evant,iso639_3
caa,caa,Chortí,iso639_3
cab,cab,Garifuna,iso639_3
cac,cac,Chuj,iso639_3
cad,cad,Caddo,iso639_3
cae,cae,Lehar,iso639_3
caf,caf,Southern Carrier,iso639_3
cag,cag,Nivaclé,iso639_3
cah,cah,Cahuarano,iso639_3
cai,cai,Central American Indian languages,iso639_5_collection
caj,caj,Chané,iso639_3
cak,cak,Kaqchikel,iso639_3
cal,cal,Carolinian,iso639_3
cam,cam,Cemuhî,iso639_3
can,can,Chambri,iso639_3
cao,cao,Chácobo,iso639_3
cap,cap,Chipaya,iso639_3
caq,caq,Car Nicobarese,iso639_3
car,car,Galibi Carib,iso639_3
cas,cas,Tsimané,iso639_3
cat,cat,Catalan,iso639_3
cau,cau,Caucasian languages,iso639_5_collection
cav,cav,Cavineña,iso639_3
caw,caw,Callawalla,iso639_3
cax,cax,Chiquitano,iso639_3
cay,cay,Cayuga,iso639_3
caz,caz,Canichana,iso639_3
cba,cba,Chibchan languages,iso639_5_collection
cbb,cbb,Cabiyarí,iso639_3
cbc,cbc,Carapana,iso639_3
cbd,cbd,Carijona,iso639_3
cbg,cbg,Chimila,iso639_3
cbi,cbi,Chachi,iso639_3
cbj,cbj,Ede Cabe,iso639_3
cbk,cbk,Chavacano,iso639_3
cbl,cbl,Bualkhaw Chin,iso639_3
cbn,cbn,Nyahkur,iso639_3
cbo,cbo,Izora,iso639_3
cbq,cbq,Tsucuba,iso639_3
cbr,cbr,Cashibo-Cacataibo,iso639_3
cbs,cbs,Cashinahua,iso639_3
cbt,cbt,Chayahuita,iso639_3
cbu,cbu,Candoshi-Shapra,iso639_3
cbv,cbv,Cacua,iso639_3
cbw,cbw,Kinabalian,iso639_3
cby,cby,Carabayo,iso639_3
ccc,ccc,Chamicuro,iso639_3
ccd,ccd,Cafundo Creole,iso639_3
cce,cce,Chopi,iso639_3
ccg,ccg,Samba Daka,iso639_3
cch,cch,Atsam,iso639_3
ccj,ccj,Kasanga,iso639_3
ccl,ccl,Cutchi-Swahili,iso639_3
ccm,ccm,Malaccan Creole Malay,iso639_3
ccn,ccn,North Caucasian languages,iso639_5_collection
cco,cco,Comaltepec Chinantec,iso639_3
ccp,ccp,Chakma,iso639_3
ccr,ccr,Cacaopera,iso639_3
ccs,ccs,South Caucasian languages,iso639_5_collection
cda,cda,Choni,iso639_3
cdc,cdc,Chadic languages,iso639_5_collection
cdd,cdd,Caddoan languages,iso639_5_collection
cde,cde,Chenchu,iso639_3
cdf,cdf,Chiru,iso639_3
cdh,cdh,Chambeali,iso639_3
cdi,cdi,Chodri,iso639_3
cdj,cdj,Churahi,iso639_3
cdm,cdm,Chepang,iso639_3
cdn,cdn,Chaudangsi,iso639_3
cdo,cdo,Min Dong Chinese,iso639_3
cdr,cdr,Cinda-Regi-Tiyal,iso639_3
cds,cds,Chadian Sign Language,iso639_3
cdy,cdy,Chadong,iso639_3
cdz,cdz,Koda,iso639_3
cea,cea,Lower Chehalis,iso639_3
ceb,ceb,Cebuano,iso639_3
ceg,ceg,Chamacoco,iso639_3
cek,cek,Eastern Khumi Chin,iso639_3
cel,cel,Celtic languages,iso639_5_collection
cen,cen,Cen,iso639_3
ces,ces,Czech,iso639_3
cet,cet,Centúúm,iso639_3
cey,cey,Ekai Chin,iso639_3
cfa,cfa,Dijim-Bwilim,iso639_3
cfd,cfd,Cara,iso639_3
cfg,cfg,Como Karim,iso639_3
cfm,cfm,Falam Chin,iso639_3
cga,cga,Changriwa,iso639_3
cgc,cgc,Kagayanen,iso639_3
cgg,cgg,Chiga,iso639_3
cgk,cgk,Chocangacakha,iso639_3
cha,cha,Chamorro,iso639_3
chb,chb,Chibcha,iso639_3
chc,chc,Catawba,iso639_3
chd,chd,Highland Oaxaca Chontal,iso639_3
che,che,Chechen,iso639_3
chf,chf,Tabasco Chontal,iso639_3
chg,chg,Chagatai,iso639_3
chh,chh,Chinook,iso639_3
chi,zho,Chinese,iso639_2_bibliographic_alias
chj,chj,Ojitlán Chinantec,iso639_3
chk,chk,Chuukese,iso639_3
chl,chl,Cahuilla,iso639_3
chm,chm,Mari (Russia),iso639_3
chn,chn,Chinook jargon,iso639_3
cho,cho,Choctaw,iso639_3
chp,chp,Chipewyan,iso639_3
chq,chq,Quiotepec Chinantec,iso639_3
chr,chr,Cherokee,iso639_3
cht,cht,Cholón,iso639_3
chu,chu,Church Slavic,iso639_3
chv,chv,Chuvash,iso639_3
chw,chw,Chuwabu,iso639_3
chx,chx,Chantyal,iso639_3
chy,chy,Cheyenne,iso639_3
chz,chz,Ozumacín Chinantec,iso639_3
cia,cia,Cia-Cia,iso639_3
cib,cib,Ci Gbe,iso639_3
cic,cic,Chickasaw,iso639_3
cid,cid,Chimariko,iso639_3
cie,cie,Cineni,iso639_3
cih,cih,Chinali,iso639_3
cik,cik,Chitkuli Kinnauri,iso639_3
cim,cim,Cimbrian,iso639_3
cin,cin,Cinta Larga,iso639_3
cip,cip,Chiapanec,iso639_3
cir,cir,Tiri,iso639_3
ciw,ciw,Chippewa,iso639_3
ciy,ciy,Chaima,iso639_3
cja,cja,Western Cham,iso639_3
cje,cje,Chru,iso639_3
cjh,cjh,Upper Chehalis,iso639_3
cji,cji,Chamalal,iso639_3
cjk,cjk,Chokwe,iso639_3
cjm,cjm,Eastern Cham,iso639_3
cjn,cjn,Chenapian,iso639_3
cjo,cjo,Ashéninka Pajonal,iso639_3
cjp,cjp,Cabécar,iso639_3
cjs,cjs,Shor,iso639_3
cjv,cjv,Chuave,iso639_3
cjy,cjy,Jinyu Chinese,iso639_3
ckb,ckb,Central Kurdish,iso639_3
ckh,ckh,Chak,iso639_3
ckl,ckl,Cibak,iso639_3
ckm,ckm,Chakavian,iso639_3
ckn,ckn,Kaang Chin,iso639_3
cko,cko,Anufo,iso639_3
ckq,ckq,Kajakse,iso639_3
ckr,ckr,Kairak,iso639_3
cks,cks,Tayo,iso639_3
ckt,ckt,Chukot,iso639_3
cku,cku,Koasati,iso639_3
ckv,ckv,Kavalan,iso639_3
ckx,ckx,Caka,iso639_3
cky,cky,Cakfem-Mushere,iso639_3
ckz,ckz,Cakchiquel-Quiché Mixed Language,iso639_3
cla,cla,Ron,iso639_3
clc,clc,Chilcotin,iso639_3
cld,cld,Chaldean Neo-Aramaic,iso639_3
cle,cle,Lealao Chinantec,iso639_3
clh,clh,Chilisso,iso639_3
cli,cli,Chakali,iso639_3
clj,clj,Laitu Chin,iso639_3
clk,clk,Idu-Mishmi,iso639_3
cll,cll,Chala,iso639_3
clm,clm,Clallam,iso639_3
clo,clo,Lowland Oaxaca Chontal,iso639_3
clt,clt,Lautu Chin,iso639_3
clu,clu,Caluyanun,iso639_3
clw,clw,Chulym,iso639_3
cly,cly,Eastern Highland Chatino,iso639_3
cma,cma,Maa,iso639_3
cmc,cmc,Chamic languages,iso639_5_collection
cme,cme,Cerma,iso639_3
cmg,cmg,Classical Mongolian,iso639_3
cmi,cmi,Emberá-Chamí,iso639_3
cml,cml,Campalagian,iso639_3
cmm,cmm,Michigamea,iso639_3
cmn,cmn,Mandarin Chinese,iso639_3
cmo,cmo,Central Mnong,iso639_3
cmr,cmr,Mro-Khimi Chin,iso639_3
cms,cms,Messapic,iso639_3
cmt,cmt,Camtho,iso639_3
cna,cna,Changthang,iso639_3
cnb,cnb,Chinbon Chin,iso639_3
cnc,cnc,Côông,iso639_3
cng,cng,Northern Qiang,iso639_3
cnh,cnh,Hakha Chin,iso639_3
cni,cni,Asháninka,iso639_3
cnk,cnk,Khumi Chin,iso639_3
cnl,cnl,Lalana Chinantec,iso639_3
cno,cno,Con,iso639_3
cnp,cnp,Northern Ping Chinese,iso639_3
cnq,cnq,Chung,iso639_3
cnr,cnr,Montenegrin,iso639_3
cns,cns,Central Asmat,iso639_3
cnt,cnt,Tepetotutla Chinantec,iso639_3
cnu,cnu,Chenoua,iso639_3
cnw,cnw,Ngawn Chin,iso639_3
cnx,cnx,Middle Cornish,iso639_3
coa,coa,Cocos Islands Malay,iso639_3
cob,cob,Chicomuceltec,iso639_3
coc,coc,Cocopa,iso639_3
cod,cod,Cocama-Cocamilla,iso639_3
coe,coe,Koreguaje,iso639_3
cof,cof,Colorado,iso639_3
cog,cog,Chong,iso639_3
coh,coh,Chonyi-Dzihana-Kauma,iso639_3
coj,coj,Cochimi,iso639_3
cok,cok,Santa Teresa Cora,iso639_3
col,col,Columbia-Wenatchi,iso639_3
com,com,Comanche,iso639_3
con,con,Cofán,iso639_3
coo,coo,Comox,iso639_3
cop,cop,Coptic,iso639_3
coq,coq,Coquille,iso639_3
cor,cor,Cornish,iso639_3
cos,cos,Corsican,iso639_3
cot,cot,Caquinte,iso639_3
cou,cou,Wamey,iso639_3
cov,cov,Cao Miao,iso639_3
cow,cow,Cowlitz,iso639_3
cox,cox,Nanti,iso639_3
coz,coz,Chochotec,iso639_3
cpa,cpa,Palantla Chinantec,iso639_3
cpb,cpb,Ucayali-Yurúa Ashéninka,iso639_3
cpc,cpc,Ajyíninka Apurucayali,iso639_3
cpe,cpe,"Creoles and pidgins, English‑based",iso639_5_collection
cpf,cpf,"Creoles and pidgins, French‑based",iso639_5_collection
cpg,cpg,Cappadocian Greek,iso639_3
cpi,cpi,Chinese Pidgin English,iso639_3
cpn,cpn,Cherepon,iso639_3
cpo,cpo,Kpeego,iso639_3
cpp,cpp,"Creoles and pidgins, Portuguese-based",iso639_5_collection
cps,cps,Capiznon,iso639_3
cpu,cpu,Pichis Ashéninka,iso639_3
cpx,cpx,Pu-Xian Chinese,iso639_3
cpy,cpy,South Ucayali Ashéninka,iso639_3
cqd,cqd,Chuanqiandian Cluster Miao,iso639_3
cra,cra,Chara,iso639_3
crb,crb,Island Carib,iso639_3
crc,crc,Lonwolwol,iso639_3
crd,crd,Coeur d'Alene,iso639_3
cre,cre,Cree,iso639_3
crf,crf,Caramanta,iso639_3
crg,crg,Michif,iso639_3
crh,crh,Crimean Tatar,iso639_3
cri,cri,Sãotomense,iso639_3
crj,crj,Southern East Cree,iso639_3
crk,crk,Plains Cree,iso639_3
crl,crl,Northern East Cree,iso639_3
crm,crm,Moose Cree,iso639_3
crn,crn,El Nayar Cora,iso639_3
cro,cro,Crow,iso639_3
crp,crp,Creoles and pidgins,iso639_5_collection
crq,crq,Iyo'wujwa Chorote,iso639_3
crr,crr,Carolina Algonquian,iso639_3
crs,crs,Seselwa Creole French,iso639_3
crt,crt,Iyojwa'ja Chorote,iso639_3
crv,crv,Chaura,iso639_3
crw,crw,Chrau,iso639_3
crx,crx,Carrier,iso639_3
cry,cry,Cori,iso639_3
crz,crz,Cruzeño,iso639_3
csa,csa,Chiltepec Chinantec,iso639_3
csb,csb,Kashubian,iso639_3
csc,csc,Catalan Sign Language,iso639_3
csd,csd,Chiangmai Sign Language,iso639_3
cse,cse,Czech Sign Language,iso639_3
csf,csf,Cuba Sign Language,iso639_3
csg,csg,Chilean Sign Language,iso639_3
csh,csh,Asho Chin,iso639_3
csi,csi,Coast Miwok,iso639_3
csj,csj,Songlai Chin,iso639_3
csk,csk,Jola-Kasa,iso639_3
csl,csl,Chinese Sign Language,iso639_3
csm,csm,Central Sierra Miwok,iso639_3
csn,csn,Colombian Sign Language,iso639_3
cso,cso,Sochiapam Chinantec,iso639_3
csp,csp,Southern Ping Chinese,iso639_3
csq,csq,Croatia Sign Language,iso639_3
csr,csr,Costa Rican Sign Language,iso639_3
css,css,Southern Ohlone,iso639_3
cst,cst,Northern Ohlone,iso639_3
csu,csu,Central Sudanic languages,iso639_5_collection
csv,csv,Sumtu Chin,iso639_3
csw,csw,Swampy Cree,iso639_3
csx,csx,Cambodian Sign Language,iso639_3
csy,csy,Siyin Chin,iso639_3
csz,csz,Coos,iso639_3
cta,cta,Tataltepec Chatino,iso639_3
ctc,ctc,Chetco,iso639_3
ctd,ctd,Tedim Chin,iso639_3
cte,cte,Tepinapa Chinantec,iso639_3
ctg,ctg,Chittagonian,iso639_3
cth,cth,Thaiphum Chin,iso639_3
ctl,ctl,Tlacoatzintepec Chinantec,iso639_3
ctm,ctm,Chitimacha,iso639_3
ctn,ctn,Chhintange,iso639_3
cto,cto,Emberá-Catío,iso639_3
ctp,ctp,Western Highland Chatino,iso639_3
cts,cts,Northern Catanduanes Bikol,iso639_3
ctt,ctt,Wayanad Chetti,iso639_3
ctu,ctu,Chol,iso639_3
cty,cty,Moundadan Chetty,iso639_3
ctz,ctz,Zacatepec Chatino,iso639_3
cua,cua,Cua,iso639_3
cub,cub,Cubeo,iso639_3
cuc,cuc,Usila Chinantec,iso639_3
cuh,cuh,Chuka,iso639_3
cui,cui,Cuiba,iso639_3
cuj,cuj,Mashco Piro,iso639_3
cuk,cuk,San Blas Kuna,iso639_3
cul,cul,Culina,iso639_3
cuo,cuo,Cumanagoto,iso639_3
cup,cup,Cupeño,iso639_3
cuq,cuq,Cun,iso639_3
cur,cur,Chhulung,iso639_3
cus,cus,Cushitic languages,iso639_5_collection
cut,cut,Teutila Cuicatec,iso639_3
cuu,cuu,Tai Ya,iso639_3
cuv,cuv,Cuvok,iso639_3
cuw,cuw,Chukwa,iso639_3
cux,cux,Tepeuxila Cuicatec,iso639_3
cuy,cuy,Cuitlatec,iso639_3
cvg,cvg,Chug,iso639_3
cvn,cvn,Valle Nacional Chinantec,iso639_3
cwa,cwa,Kabwa,iso639_3
cwb,cwb,Maindo,iso639_3
cwd,cwd,Woods Cree,iso639_3
cwe,cwe,Kwere,iso639_3
cwg,cwg,Chewong,iso639_3
cwt,cwt,Kuwaataay,iso639_3
cya,cya,Nopala Chatino,iso639_3
cyb,cyb,Cayubaba,iso639_3
cym,cym,Welsh,iso639_3
cyo,cyo,Cuyonon,iso639_3
cze,ces,Czech,iso639_2_bibliographic_alias
czh,czh,Huizhou Chinese,iso639_3
czk,czk,Knaanic,iso639_3
czn,czn,Zenzontepec Chatino,iso639_3
czo,czo,Min Zhong Chinese,iso639_3
czt,czt,Zotung Chin,iso639_3
daa,daa,Dangaléat,iso639_3
dac,dac,Dambi,iso639_3
dad,dad,Marik,iso639_3
dae,dae,Duupa,iso639_3
dag,dag,Dagbani,iso639_3
dah,dah,Gwahatike,iso639_3
dai,dai,Day,iso639_3
daj,daj,Dar Fur Daju,iso639_3
dak,dak,Dakota,iso639_3
dal,dal,Dahalo,iso639_3
dam,dam,Damakawa,iso639_3
dan,dan,Danish,iso639_3
dao,dao,Daai Chin,iso639_3
daq,daq,Dandami Maria,iso639_3
dar,dar,Dargwa,iso639_3
das,das,Daho-Doo,iso639_3
dau,dau,Dar Sila Daju,iso639_3
dav,dav,Taita,iso639_3
daw,daw,Davawenyo,iso639_3
dax,dax,Dayi,iso639_3
day,day,Land Dayak languages,iso639_5_collection
daz,daz,Dao,iso639_3
dba,dba,Bangime,iso639_3
dbb,dbb,Deno,iso639_3
dbd,dbd,Dadiya,iso639_3
dbe,dbe,Dabe,iso639_3
dbf,dbf,Edopi,iso639_3
dbg,dbg,Dogul Dom Dogon,iso639_3
dbi,dbi,Doka,iso639_3
dbj,dbj,Ida'an,iso639_3
dbl,dbl,Dyirbal,iso639_3
dbm,dbm,Duguri,iso639_3
dbn,dbn,Duriankere,iso639_3
dbo,dbo,Dulbu,iso639_3
dbp,dbp,Duwai,iso639_3
dbq,dbq,Daba,iso639_3
dbr,dbr,Dabarre,iso639_3
dbt,dbt,Ben Tey Dogon,iso639_3
dbu,dbu,Bondum Dom Dogon,iso639_3
dbv,dbv,Dungu,iso639_3
dbw,dbw,Bankan Tey Dogon,iso639_3
dby,dby,Dibiyaso,iso639_3
dcc,dcc,Deccan,iso639_3
dcr,dcr,Negerhollands,iso639_3
dda,dda,Dadi Dadi,iso639_3
ddd,ddd,Dongotono,iso639_3
dde,dde,Doondo,iso639_3
ddg,ddg,Fataluku,iso639_3
ddi,ddi,West Goodenough,iso639_3
ddj,ddj,Jaru,iso639_3
ddn,ddn,Dendi (Benin),iso639_3
ddo,ddo,Dido,iso639_3
ddr,ddr,Dhudhuroa,iso639_3
dds,dds,Donno So Dogon,iso639_3
ddw,ddw,Dawera-Daweloor,iso639_3
dec,dec,Dagik,iso639_3
ded,ded,Dedua,iso639_3
dee,dee,Dewoin,iso639_3
def,def,Dezfuli,iso639_3
deg,deg,Degema,iso639_3
deh,deh,Dehwari,iso639_3
dei,dei,Demisa,iso639_3
dek,dek,Dek,iso639_3
del,del,Delaware,iso639_3
dem,dem,Dem,iso639_3
den,den,Slave (Athapascan),iso639_3
dep,dep,Pidgin Delaware,iso639_3
deq,deq,Dendi (Central African Republic),iso639_3
der,der,Deori,iso639_3
des,des,Desano,iso639_3
deu,deu,German,iso639_3
dev,dev,Domung,iso639_3
dez,dez,Dengese,iso639_3
dga,dga,Southern Dagaare,iso639_3
dgb,dgb,Bunoge Dogon,iso639_3
dgc,dgc,Casiguran Dumagat Agta,iso639_3
dgd,dgd,Dagaari Dioula,iso639_3
dge,dge,Degenan,iso639_3
dgg,dgg,Doga,iso639_3
dgh,dgh,Dghwede,iso639_3
dgi,dgi,Northern Dagara,iso639_3
dgk,dgk,Dagba,iso639_3
dgl,dgl,Andaandi,iso639_3
dgn,dgn,Dagoman,iso639_3
dgo,dgo,Dogri (individual language),iso639_3
dgr,dgr,Dogrib,iso639_3
dgs,dgs,Dogoso,iso639_3
dgt,dgt,Ndra'ngith,iso639_3
dgw,dgw,Daungwurrung,iso639_3
dgx,dgx,Doghoro,iso639_3
dgz,dgz,Daga,iso639_3
dhd,dhd,Dhundari,iso639_3
dhg,dhg,Dhangu-Djangu,iso639_3
dhi,dhi,Dhimal,iso639_3
dhl,dhl,Dhalandji,iso639_3
dhm,dhm,Zemba,iso639_3
dhn,dhn,Dhanki,iso639_3
dho,dho,Dhodia,iso639_3
dhr,dhr,Dhargari,iso639_3
dhs,dhs,Dhaiso,iso639_3
dhu,dhu,Dhurga,iso639_3
dhv,dhv,Dehu,iso639_3
dhw,dhw,Dhanwar (Nepal),iso639_3
dhx,dhx,Dhungaloo,iso639_3
dia,dia,Dia,iso639_3
dib,dib,South Central Dinka,iso639_3
dic,dic,Lakota Dida,iso639_3
did,did,Didinga,iso639_3
dif,dif,Dieri,iso639_3
dig,dig,Digo,iso639_3
dih,dih,Kumiai,iso639_3
dii,dii,Dimbong,iso639_3
dij,dij,Dai,iso639_3
dik,dik,Southwestern Dinka,iso639_3
dil,dil,Dilling,iso639_3
dim,dim,Dime,iso639_3
din,din,Dinka,iso639_3
dio,dio,Dibo,iso639_3
dip,dip,Northeastern Dinka,iso639_3
diq,diq,Dimli (individual language),iso639_3
dir,dir,Dirim,iso639_3
dis,dis,Dimasa,iso639_3
diu,diu,Diriku,iso639_3
div,div,Dhivehi,iso639_3
diw,diw,Northwestern Dinka,iso639_3
dix,dix,Dixon Reef,iso639_3
diy,diy,Diuwe,iso639_3
diz,diz,Ding,iso639_3
dja,dja,Djadjawurrung,iso639_3
djb,djb,Djinba,iso639_3
djc,djc,Dar Daju Daju,iso639_3
djd,djd,Djamindjung,iso639_3
dje,dje,Zarma,iso639_3
djf,djf,Djangun,iso639_3
dji,dji,Djinang,iso639_3
djj,djj,Djeebbana,iso639_3
djk,djk,Eastern Maroon Creole,iso639_3
djm,djm,Jamsay Dogon,iso639_3
djn,djn,Jawoyn,iso639_3
djo,djo,Jangkang,iso639_3
djr,djr,Djambarrpuyngu,iso639_3
dju,dju,Kapriman,iso639_3
djw,djw,Djawi,iso639_3
dka,dka,Dakpakha,iso639_3
dkg,dkg,Kadung,iso639_3
dkk,dkk,Dakka,iso639_3
dkr,dkr,Kuijau,iso639_3
dks,dks,Southeastern Dinka,iso639_3
dkx,dkx,Mazagway,iso639_3
dlg,dlg,Dolgan,iso639_3
dlk,dlk,Dahalik,iso639_3
dlm,dlm,Dalmatian,iso639_3
dln,dln,Darlong,iso639_3
dma,dma,Duma,iso639_3
dmb,dmb,Mombo Dogon,iso639_3
dmc,dmc,Gavak,iso639_3
dmd,dmd,Madhi Madhi,iso639_3
dme,dme,Dugwor,iso639_3
dmf,dmf,Medefaidrin,iso639_3
dmg,dmg,Upper Kinabatangan,iso639_3
dmk,dmk,Domaaki,iso639_3
dml,dml,Dameli,iso639_3
dmm,dmm,Dama,iso639_3
dmn,dmn,Mande languages,iso639_5_collection
dmo,dmo,Kemedzung,iso639_3
dmr,dmr,East Damar,iso639_3
dms,dms,Dampelas,iso639_3
dmu,dmu,Dubu,iso639_3
dmv,dmv,Dumpas,iso639_3
dmw,dmw,Mudburra,iso639_3
dmx,dmx,Dema,iso639_3
dmy,dmy,Demta,iso639_3
dna,dna,Upper Grand Valley Dani,iso639_3
dnd,dnd,Daonda,iso639_3
dne,dne,Ndendeule,iso639_3
dng,dng,Dungan,iso639_3
dni,dni,Lower Grand Valley Dani,iso639_3
dnj,dnj,Dan,iso639_3
dnk,dnk,Dengka,iso639_3
dnn,dnn,Dzùùngoo,iso639_3
dno,dno,Ndrulo,iso639_3
dnr,dnr,Danaru,iso639_3
dnt,dnt,Mid Grand Valley Dani,iso639_3
dnu,dnu,Danau,iso639_3
dnv,dnv,Danu,iso639_3
dnw,dnw,Western Dani,iso639_3
dny,dny,Dení,iso639_3
doa,doa,Dom,iso639_3
dob,dob,Dobu,iso639_3
doc,doc,Northern Dong,iso639_3
doe,doe,Doe,iso639_3
dof,dof,Domu,iso639_3
doh,doh,Dong,iso639_3
doi,doi,Dogri (macrolanguage),iso639_3
dok,dok,Dondo,iso639_3
dol,dol,Doso,iso639_3
don,don,Toura (Papua New Guinea),iso639_3
doo,doo,Dongo,iso639_3
dop,dop,Lukpa,iso639_3
doq,doq,Dominican Sign Language,iso639_3
dor,dor,Dori'o,iso639_3
dos,dos,Dogosé,iso639_3
dot,dot,Dass,iso639_3
dov,dov,Dombe,iso639_3
dow,dow,Doyayo,iso639_3
dox,dox,Bussa,iso639_3
doy,doy,Dompo,iso639_3
doz,doz,Dorze,iso639_3
dpp,dpp,Papar,iso639_3
dra,dra,Dravidian languages,iso639_5_collection
drb,drb,Dair,iso639_3
drc,drc,Minderico,iso639_3
drd,drd,Darmiya,iso639_3
dre,dre,Dolpo,iso639_3
drg,drg,Rungus,iso639_3
dri,dri,C'Lela,iso639_3
drl,drl,Paakantyi,iso639_3
drn,drn,West Damar,iso639_3
dro,dro,Daro-Matu Melanau,iso639_3
drq,drq,Dura,iso639_3
drs,drs,Gedeo,iso639_3
drt,drt,Drents,iso639_3
dru,dru,Rukai,iso639_3
dry,dry,Darai,iso639_3
dsb,dsb,Lower Sorbian,iso639_3
dse,dse,Dutch Sign Language,iso639_3
dsh,dsh,Daasanach,iso639_3
dsi,dsi,Disa,iso639_3
dsl,dsl,Danish Sign Language,iso639_3
dsn,dsn,Dusner,iso639_3
dso,dso,Desiya,iso639_3
dsq,dsq,Tadaksahak,iso639_3
dsz,dsz,Mardin Sign Language,iso639_3
dta,dta,Daur,iso639_3
dtb,dtb,Labuk-Kinabatangan Kadazan,iso639_3
dtd,dtd,Ditidaht,iso639_3
dth,dth,Adithinngithigh,iso639_3
dti,dti,Ana Tinga Dogon,iso639_3
dtk,dtk,Tene Kan Dogon,iso639_3
dtm,dtm,Tomo Kan Dogon,iso639_3
dtn,dtn,Daatsʼíin,iso639_3
dto,dto,Tommo So Dogon,iso639_3
dtp,dtp,Kadazan Dusun,iso639_3
dtr,dtr,Lotud,iso639_3
dts,dts,Toro So Dogon,iso639_3
dtt,dtt,Toro Tegu Dogon,iso639_3
dtu,dtu,Tebul Ure Dogon,iso639_3
dty,dty,Dotyali,iso639_3
dua,dua,Duala,iso639_3
dub,dub,Dubli,iso639_3
duc,duc,Duna,iso639_3
due,due,Umiray Dumaget Agta,iso639_3
duf,duf,Dumbea,iso639_3
dug,dug,Duruma,iso639_3
duh,duh,Dungra Bhil,iso639_3
dui,dui,Dumun,iso639_3
duk,duk,Uyajitaya,iso639_3
dul,dul,Alabat Island Agta,iso639_3
dum,dum,Middle Dutch (ca. 1050-1350),iso639_3
dun,dun,Dusun Deyah,iso639_3
duo,duo,Dupaninan Agta,iso639_3
dup,dup,Duano,iso639_3
duq,duq,Dusun Malang,iso639_3
dur,dur,Dii,iso639_3
dus,dus,Dumi,iso639_3
dut,nld,Dutch,iso639_2_bibliographic_alias
duu,duu,Drung,iso639_3
duv,duv,Duvle,iso639_3
duw,duw,Dusun Witu,iso639_3
dux,dux,Duungooma,iso639_3
duy,duy,Dicamay Agta,iso639_3
duz,duz,Duli-Gey,iso639_3
dva,dva,Duau,iso639_3
dwa,dwa,Diri,iso639_3
dwk,dwk,Dawik Kui,iso639_3
dwr,dwr,Dawro,iso639_3
dws,dws,Dutton World Speedwords,iso639_3
dwu,dwu,Dhuwal,iso639_3
dww,dww,Dawawa,iso639_3
dwy,dwy,Dhuwaya,iso639_3
dwz,dwz,Dewas Rai,iso639_3
dya,dya,Dyan,iso639_3
dyb,dyb,Dyaberdyaber,iso639_3
dyd,dyd,Dyugun,iso639_3
dyg,dyg,Villa Viciosa Agta,iso639_3
dyi,dyi,Djimini Senoufo,iso639_3
dym,dym,Yanda Dom Dogon,iso639_3
dyn,dyn,Dyangadi,iso639_3
dyo,dyo,Jola-Fonyi,iso639_3
dyu,dyu,Dyula,iso639_3
dyy,dyy,Djabugay,iso639_3
dza,dza,Tunzu,iso639_3
dze,dze,Djiwarli,iso639_3
dzg,dzg,Dazaga,iso639_3
dzl,dzl,Dzalakha,iso639_3
dzn,dzn,Dzando,iso639_3
dzo,dzo,Dzongkha,iso639_3
eaa,eaa,Karenggapa,iso639_3
ebc,ebc,Beginci,iso639_3
ebg,ebg,Ebughu,iso639_3
ebk,ebk,Eastern Bontok,iso639_3
ebo,ebo,Teke-Ebo,iso639_3
ebr,ebr,Ebrié,iso639_3
ebu,ebu,Embu,iso639_3
ecr,ecr,Eteocretan,iso639_3
ecs,ecs,Ecuadorian Sign Language,iso639_3
ecy,ecy,Eteocypriot,iso639_3
eee,eee,E,iso639_3
efa,efa,Efai,iso639_3
efe,efe,Efe,iso639_3
efi,efi,Efik,iso639_3
ega,ega,Ega,iso639_3
egl,egl,Emilian,iso639_3
egm,egm,Benamanga,iso639_3
ego,ego,Eggon,iso639_3
egx,egx,Egyptian languages,iso639_5_collection
egy,egy,Egyptian (Ancient),iso639_3
ehs,ehs,Miyakubo Sign Language,iso639_3
ehu,ehu,Ehueun,iso639_3
eip,eip,Eipomek,iso639_3
eit,eit,Eitiep,iso639_3
eiv,eiv,Askopan,iso639_3
eja,eja,Ejamat,iso639_3
eka,eka,Ekajuk,iso639_3
eke,eke,Ekit,iso639_3
ekg,ekg,Ekari,iso639_3
eki,eki,Eki,iso639_3
ekk,ekk,Standard Estonian,iso639_3
ekl,ekl,Kol (Bangladesh),iso639_3
ekm,ekm,Elip,iso639_3
eko,eko,Koti,iso639_3
ekp,ekp,Ekpeye,iso639_3
ekr,ekr,Yace,iso639_3
eky,eky,Eastern Kayah,iso639_3
ele,ele,Elepi,iso639_3
elh,elh,El Hugeirat,iso639_3
eli,eli,Nding,iso639_3
elk,elk,Elkei,iso639_3
ell,ell,Modern Greek (1453-),iso639_3
elm,elm,Eleme,iso639_3
elo,elo,El Molo,iso639_3
elu,elu,Elu,iso639_3
elx,elx,Elamite,iso639_3
ema,ema,Emai-Iuleha-Ora,iso639_3
emb,emb,Embaloh,iso639_3
eme,eme,Emerillon,iso639_3
emg,emg,Eastern Meohang,iso639_3
emi,emi,Mussau-Emira,iso639_3
emk,emk,Eastern Maninkakan,iso639_3
emm,emm,Mamulique,iso639_3
emn,emn,Eman,iso639_3
emp,emp,Northern Emberá,iso639_3
emq,emq,Eastern Minyag,iso639_3
ems,ems,Pacific Gulf Yupik,iso639_3
emu,emu,Eastern Muria,iso639_3
emw,emw,Emplawas,iso639_3
emx,emx,Erromintxela,iso639_3
emy,emy,Epigraphic Mayan,iso639_3
emz,emz,Mbessa,iso639_3
ena,ena,Apali,iso639_3
enb,enb,Markweeta,iso639_3
enc,enc,En,iso639_3
end,end,Ende,iso639_3
enf,enf,Forest Enets,iso639_3
eng,eng,English,iso639_3
enh,enh,Tundra Enets,iso639_3
enl,enl,Enlhet,iso639_3
enm,enm,Middle English (1100-1500),iso639_3
enn,enn,Engenni,iso639_3
eno,eno,Enggano,iso639_3
enq,enq,Enga,iso639_3
enr,enr,Emumu,iso639_3
enu,enu,Enu,iso639_3
env,env,Enwan (Edo State),iso639_3
enw,enw,Enwan (Akwa Ibom State),iso639_3
enx,enx,Enxet,iso639_3
eot,eot,Beti (Côte d'Ivoire),iso639_3
epi,epi,Epie,iso639_3
epo,epo,Esperanto,iso639_3
era,era,Eravallan,iso639_3
erg,erg,Sie,iso639_3
erh,erh,Eruwa,iso639_3
eri,eri,Ogea,iso639_3
erk,erk,South Efate,iso639_3
ero,ero,Horpa,iso639_3
err,err,Erre,iso639_3
ers,ers,Ersu,iso639_3
ert,ert,Eritai,iso639_3
erw,erw,Erokwanas,iso639_3
ese,ese,Ese Ejja,iso639_3
esg,esg,Aheri Gondi,iso639_3
esh,esh,Eshtehardi,iso639_3
esi,esi,North Alaskan Inupiatun,iso639_3
esk,esk,Northwest Alaska Inupiatun,iso639_3
esl,esl,Egypt Sign Language,iso639_3
esm,esm,Esuma,iso639_3
esn,esn,Salvadoran Sign Language,iso639_3
eso,eso,Estonian Sign Language,iso639_3
esq,esq,Esselen,iso639_3
ess,ess,Central Siberian Yupik,iso639_3
est,est,Estonian,iso639_3
esu,esu,Central Yupik,iso639_3
esx,esx,Eskimo-Aleut languages,iso639_5_collection
esy,esy,Eskayan,iso639_3
etb,etb,Etebi,iso639_3
etc,etc,Etchemin,iso639_3
eth,eth,Ethiopian Sign Language,iso639_3
etn,etn,Eton (Vanuatu),iso639_3
eto,eto,Eton (Cameroon),iso639_3
etr,etr,Edolo,iso639_3
ets,ets,Yekhee,iso639_3
ett,ett,Etruscan,iso639_3
etu,etu,Ejagham,iso639_3
etx,etx,Eten,iso639_3
etz,etz,Semimi,iso639_3
euq,euq,Basque (family),iso639_5_collection
eus,eus,Basque,iso639_3
eve,eve,Even,iso639_3
evh,evh,Uvbie,iso639_3
evn,evn,Evenki,iso639_3
ewe,ewe,Ewe,iso639_3
ewo,ewo,Ewondo,iso639_3
ext,ext,Extremaduran,iso639_3
eya,eya,Eyak,iso639_3
eyo,eyo,Keiyo,iso639_3
eza,eza,Ezaa,iso639_3
eze,eze,Uzekwe,iso639_3
faa,faa,Fasu,iso639_3
fab,fab,Fa d'Ambu,iso639_3
fad,fad,Wagi,iso639_3
faf,faf,Fagani,iso639_3
fag,fag,Finongan,iso639_3
fah,fah,Baissa Fali,iso639_3
fai,fai,Faiwol,iso639_3
faj,faj,Faita,iso639_3
fak,fak,Fang (Cameroon),iso639_3
fal,fal,South Fali,iso639_3
fam,fam,Fam,iso639_3
fan,fan,Fang (Equatorial Guinea),iso639_3
fao,fao,Faroese,iso639_3
fap,fap,Paloor,iso639_3
far,far,Fataleka,iso639_3
fas,fas,Persian,iso639_3
fat,fat,Fanti,iso639_3
fau,fau,Fayu,iso639_3
fax,fax,Fala,iso639_3
fay,fay,Southwestern Fars,iso639_3
faz,faz,Northwestern Fars,iso639_3
fbl,fbl,West Albay Bikol,iso639_3
fcs,fcs,Quebec Sign Language,iso639_3
fer,fer,Feroge,iso639_3
ffi,ffi,Foia Foia,iso639_3
ffm,ffm,Maasina Fulfulde,iso639_3
fgr,fgr,Fongoro,iso639_3
fia,fia,Nobiin,iso639_3
fie,fie,Fyer,iso639_3
fif,fif,Faifi,iso639_3
fij,fij,Fijian,iso639_3
fil,fil,Filipino,iso639_3
fin,fin,Finnish,iso639_3
fip,fip,Fipa,iso639_3
fir,fir,Firan,iso639_3
fit,fit,Tornedalen Finnish,iso639_3
fiu,fiu,Finno-Ugrian languages,iso639_5_collection
fiw,fiw,Fiwaga,iso639_3
fkk,fkk,Kirya-Konzəl,iso639_3
fkv,fkv,Kven Finnish,iso639_3
fla,fla,Kalispel-Pend d'Oreille,iso639_3
flh,flh,Foau,iso639_3
fli,fli,Fali,iso639_3
fll,fll,North Fali,iso639_3
fln,fln,Flinders Island,iso639_3
flr,flr,Fuliiru,iso639_3
fly,fly,Flaaitaal,iso639_3
fmp,fmp,Fe'fe',iso639_3
fmu,fmu,Far Western Muria,iso639_3
fnb,fnb,Fanbak,iso639_3
fng,fng,Fanagalo,iso639_3
fni,fni,Fania,iso639_3
fod,fod,Foodo,iso639_3
foi,foi,Foi,iso639_3
fom,fom,Foma,iso639_3
fon,fon,Fon,iso639_3
for,for,Fore,iso639_3
fos,fos,Siraya,iso639_3
fox,fox,Formosan languages,iso639_5_collection
fpe,fpe,Fernando Po Creole English,iso639_3
fqs,fqs,Fas,iso639_3
fra,fra,French,iso639_3
frc,frc,Cajun French,iso639_3
frd,frd,Fordata,iso639_3
fre,fra,French,iso639_2_bibliographic_alias
frk,frk,Frankish,iso639_3
frm,frm,Middle French (ca. 1400-1600),iso639_3
fro,fro,Old French (842-ca. 1400),iso639_3
frp,frp,Arpitan,iso639_3
frq,frq,Forak,iso639_3
frr,frr,Northern Frisian,iso639_3
frs,frs,Eastern Frisian,iso639_3
frt,frt,Fortsenal,iso639_3
fry,fry,Western Frisian,iso639_3
fse,fse,Finnish Sign Language,iso639_3
fsl,fsl,French Sign Language,iso639_3
fss,fss,Finland-Swedish Sign Language,iso639_3
fub,fub,Adamawa Fulfulde,iso639_3
fuc,fuc,Pulaar,iso639_3
fud,fud,East Futuna,iso639_3
fue,fue,Borgu Fulfulde,iso639_3
fuf,fuf,Pular,iso639_3
fuh,fuh,Western Niger Fulfulde,iso639_3
fui,fui,Bagirmi Fulfulde,iso639_3
fuj,fuj,Ko,iso639_3
ful,ful,Fulah,iso639_3
fum,fum,Fum,iso639_3
fun,fun,Fulniô,iso639_3
fuq,fuq,Central-Eastern Niger Fulfulde,iso639_3
fur,fur,Friulian,iso639_3
fut,fut,Futuna-Aniwa,iso639_3
fuu,fuu,Furu,iso639_3
fuv,fuv,Nigerian Fulfulde,iso639_3
fuy,fuy,Fuyug,iso639_3
fvr,fvr,Fur,iso639_3
fwa,fwa,Fwâi,iso639_3
fwe,fwe,Fwe,iso639_3
gaa,gaa,Ga,iso639_3
gab,gab,Gabri,iso639_3
gac,gac,Mixed Great Andamanese,iso639_3
gad,gad,Gaddang,iso639_3
gae,gae,Guarequena,iso639_3
gaf,gaf,Gende,iso639_3
gag,gag,Gagauz,iso639_3
gah,gah,Alekano,iso639_3
gai,gai,Borei,iso639_3
gaj,gaj,Gadsup,iso639_3
gak,gak,Gamkonora,iso639_3
gal,gal,Galolen,iso639_3
gam,gam,Kandawo,iso639_3
gan,gan,Gan Chinese,iso639_3
gao,gao,Gants,iso639_3
gap,gap,Gal,iso639_3
gaq,gaq,Gata',iso639_3
gar,gar,Galeya,iso639_3
gas,gas,Adiwasi Garasia,iso639_3
gat,gat,Kenati,iso639_3
gau,gau,Mudhili Gadaba,iso639_3
gaw,gaw,Nobonob,iso639_3
gax,gax,Borana-Arsi-Guji Oromo,iso639_3
gay,gay,Gayo,iso639_3
gaz,gaz,West Central Oromo,iso639_3
gba,gba,Gbaya (Central African Republic),iso639_3
gbb,gbb,Kaytetye,iso639_3
gbd,gbd,Karajarri,iso639_3
gbe,gbe,Niksek,iso639_3
gbf,gbf,Gaikundi,iso639_3
gbg,gbg,Gbanziri,iso639_3
gbh,gbh,Defi Gbe,iso639_3
gbi,gbi,Galela,iso639_3
gbj,gbj,Bodo Gadaba,iso639_3
gbk,gbk,Gaddi,iso639_3
gbl,gbl,Gamit,iso639_3
gbm,gbm,Garhwali,iso639_3
gbn,gbn,Mo'da,iso639_3
gbo,gbo,Northern Grebo,iso639_3
gbp,gbp,Gbaya-Bossangoa,iso639_3
gbq,gbq,Gbaya-Bozoum,iso639_3
gbr,gbr,Gbagyi,iso639_3
gbs,gbs,Gbesi Gbe,iso639_3
gbu,gbu,Gagadu,iso639_3
gbv,gbv,Gbanu,iso639_3
gbw,gbw,Gabi-Gabi,iso639_3
gbx,gbx,Eastern Xwla Gbe,iso639_3
gby,gby,Gbari,iso639_3
gbz,gbz,Zoroastrian Dari,iso639_3
gcc,gcc,Mali,iso639_3
gcd,gcd,Ganggalida,iso639_3
gce,gce,Galice,iso639_3
gcf,gcf,Guadeloupean Creole French,iso639_3
gcl,gcl,Grenadian Creole English,iso639_3
gcn,gcn,Gaina,iso639_3
gcr,gcr,Guianese Creole French,iso639_3
gct,gct,Colonia Tovar German,iso639_3
gda,gda,Gade Lohar,iso639_3
gdb,gdb,Pottangi Ollar Gadaba,iso639_3
gdc,gdc,Gugu Badhun,iso639_3
gdd,gdd,Gedaged,iso639_3
gde,gde,Gude,iso639_3
gdf,gdf,Guduf-Gava,iso639_3
gdg,gdg,Ga'dang,iso639_3
gdh,gdh,Gadjerawang,iso639_3
gdi,gdi,Gundi,iso639_3
gdj,gdj,Gurdjar,iso639_3
gdk,gdk,Gadang,iso639_3
gdl,gdl,Dirasha,iso639_3
gdm,gdm,Laal,iso639_3
gdn,gdn,Umanakaina,iso639_3
gdo,gdo,Ghodoberi,iso639_3
gdq,gdq,Mehri,iso639_3
gdr,gdr,Wipi,iso639_3
gds,gds,Ghandruk Sign Language,iso639_3
gdt,gdt,Kungardutyi,iso639_3
gdu,gdu,Gudu,iso639_3
gdx,gdx,Godwari,iso639_3
gea,gea,Geruma,iso639_3
geb,geb,Kire,iso639_3
gec,gec,Gboloo Grebo,iso639_3
ged,ged,Gade,iso639_3
gef,gef,Gerai,iso639_3
geg,geg,Gengle,iso639_3
geh,geh,Hutterite German,iso639_3
gei,gei,Gebe,iso639_3
gej,gej,Gen,iso639_3
gek,gek,Ywom,iso639_3
gel,gel,ut-Ma'in,iso639_3
gem,gem,Germanic languages,iso639_5_collection
geo,kat,Georgian,iso639_2_bibliographic_alias
geq,geq,Geme,iso639_3
ger,deu,German,iso639_2_bibliographic_alias
ges,ges,Geser-Gorom,iso639_3
gev,gev,Eviya,iso639_3
gew,gew,Gera,iso639_3
gex,gex,Garre,iso639_3
gey,gey,Enya,iso639_3
gez,gez,Geez,iso639_3
gfk,gfk,Patpatar,iso639_3
gft,gft,Gafat,iso639_3
gga,gga,Gao,iso639_3
ggb,ggb,Gbii,iso639_3
ggd,ggd,Gugadj,iso639_3
gge,gge,Gurr-goni,iso639_3
ggg,ggg,Gurgula,iso639_3
ggk,ggk,Kungarakany,iso639_3
ggl,ggl,Ganglau,iso639_3
ggt,ggt,Gitua,iso639_3
ggu,ggu,Gagu,iso639_3
ggw,ggw,Gogodala,iso639_3
gha,gha,Ghadamès,iso639_3
ghc,ghc,Hiberno-Scottish Gaelic,iso639_3
ghe,ghe,Southern Ghale,iso639_3
ghh,ghh,Northern Ghale,iso639_3
ghk,ghk,Geko Karen,iso639_3
ghl,ghl,Ghulfan,iso639_3
ghn,ghn,Ghanongga,iso639_3
gho,gho,Ghomara,iso639_3
ghr,ghr,Ghera,iso639_3
ghs,ghs,Guhu-Samane,iso639_3
ght,ght,Kuke,iso639_3
gia,gia,Kija,iso639_3
gib,gib,Gibanawa,iso639_3
gic,gic,Gail,iso639_3
gid,gid,Gidar,iso639_3
gie,gie,Gaɓogbo,iso639_3
gig,gig,Goaria,iso639_3
gih,gih,Githabul,iso639_3
gii,gii,Girirra,iso639_3
gil,gil,Gilbertese,iso639_3
gim,gim,Gimi (Eastern Highlands),iso639_3
gin,gin,Hinukh,iso639_3
gip,gip,Gimi (West New Britain),iso639_3
giq,giq,Green Gelao,iso639_3
gir,gir,Red Gelao,iso639_3
gis,gis,North Giziga,iso639_3
git,git,Gitxsan,iso639_3
giu,giu,Mulao,iso639_3
giw,giw,White Gelao,iso639_3
gix,gix,Gilima,iso639_3
giy,giy,Giyug,iso639_3
giz,giz,South Giziga,iso639_3
gjk,gjk,Kachi Koli,iso639_3
gjm,gjm,Gunditjmara,iso639_3
gjn,gjn,Gonja,iso639_3
gjr,gjr,Gurindji Kriol,iso639_3
gju,gju,Gujari,iso639_3
gka,gka,Guya,iso639_3
gkd,gkd,Magɨ (Madang Province),iso639_3
gke,gke,Ndai,iso639_3
gkn,gkn,Gokana,iso639_3
gko,gko,Kok-Nar,iso639_3
gkp,gkp,Guinea Kpelle,iso639_3
gku,gku,ǂUngkue,iso639_3
gla,gla,Scottish Gaelic,iso639_3
glb,glb,Belning,iso639_3
glc,glc,Bon Gula,iso639_3
gld,gld,Nanai,iso639_3
gle,gle,Irish,iso639_3
glg,glg,Galician,iso639_3
glh,glh,Northwest Pashai,iso639_3
glj,glj,Gula Iro,iso639_3
glk,glk,Gilaki,iso639_3
gll,gll,Garlali,iso639_3
glo,glo,Galambu,iso639_3
glr,glr,Glaro-Twabo,iso639_3
glu,glu,Gula (Chad),iso639_3
glv,glv,Manx,iso639_3
glw,glw,Glavda,iso639_3
gly,gly,Gule,iso639_3
gma,gma,Gambera,iso639_3
gmb,gmb,Gula'alaa,iso639_3
gmd,gmd,Mághdì,iso639_3
gme,gme,East Germanic languages,iso639_5_collection
gmg,gmg,Magɨyi,iso639_3
gmh,gmh,Middle High German (ca. 1050-1500),iso639_3
gml,gml,Middle Low German,iso639_3
gmm,gmm,Gbaya-Mbodomo,iso639_3
gmn,gmn,Gimnime,iso639_3
gmq,gmq,North Germanic languages,iso639_5_collection
gmr,gmr,Mirning,iso639_3
gmu,gmu,Gumalu,iso639_3
gmv,gmv,Gamo,iso639_3
gmw,gmw,West Germanic languages,iso639_5_collection
gmx,gmx,Magoma,iso639_3
gmy,gmy,Mycenaean Greek,iso639_3
gmz,gmz,Mgbolizhia,iso639_3
gna,gna,Kaansa,iso639_3
gnb,gnb,Gangte,iso639_3
gnc,gnc,Guanche,iso639_3
gnd,gnd,Zulgo-Gemzek,iso639_3
gne,gne,Ganang,iso639_3
gng,gng,Ngangam,iso639_3
gnh,gnh,Lere,iso639_3
gni,gni,Gooniyandi,iso639_3
gnj,gnj,Ngen,iso639_3
gnk,gnk,ǁGana,iso639_3
gnl,gnl,Gangulu,iso639_3
gnm,gnm,Ginuman,iso639_3
gnn,gnn,Gumatj,iso639_3
gno,gno,Northern Gondi,iso639_3
gnq,gnq,Gana,iso639_3
gnr,gnr,Gureng Gureng,iso639_3
gnt,gnt,Guntai,iso639_3
gnu,gnu,Gnau,iso639_3
gnw,gnw,Western Bolivian Guaraní,iso639_3
gnz,gnz,Ganzi,iso639_3
goa,goa,Guro,iso639_3
gob,gob,Playero,iso639_3
goc,goc,Gorakor,iso639_3
god,god,Godié,iso639_3
goe,goe,Gongduk,iso639_3
gof,gof,Gofa,iso639_3
gog,gog,Gogo,iso639_3
goh,goh,Old High German (ca. 750-1050),iso639_3
goi,goi,Gobasi,iso639_3
goj,goj,Gowlan,iso639_3
gok,gok,Gowli,iso639_3
gol,gol,Gola,iso639_3
gom,gom,Goan Konkani,iso639_3
gon,gon,Gondi,iso639_3
goo,goo,Gone Dau,iso639_3
gop,gop,Yeretuar,iso639_3
goq,goq,Gorap,iso639_3
gor,gor,Gorontalo,iso639_3
gos,gos,Gronings,iso639_3
got,got,Gothic,iso639_3
gou,gou,Gavar,iso639_3
gov,gov,Goo,iso639_3
gow,gow,Gorowa,iso639_3
gox,gox,Gobu,iso639_3
goy,goy,Goundo,iso639_3
goz,goz,Gozarkhani,iso639_3
gpa,gpa,Gupa-Abawa,iso639_3
gpe,gpe,Ghanaian Pidgin English,iso639_3
gpn,gpn,Taiap,iso639_3
gqa,gqa,Ga'anda,iso639_3
gqi,gqi,Guiqiong,iso639_3
gqn,gqn,Guana (Brazil),iso639_3
gqr,gqr,Gor,iso639_3
gqu,gqu,Qau,iso639_3
gra,gra,Rajput Garasia,iso639_3
grb,grb,Grebo,iso639_3
grc,grc,Ancient Greek (to 1453),iso639_3
grd,grd,Guruntum-Mbaaru,iso639_3
gre,ell,Modern Greek (1453-),iso639_2_bibliographic_alias
grg,grg,Madi,iso639_3
grh,grh,Gbiri-Niragu,iso639_3
gri,gri,Ghari,iso639_3
grj,grj,Southern Grebo,iso639_3
grk,grk,Greek languages,iso639_5_collection
grm,grm,Kota Marudu Talantang,iso639_3
grn,grn,Guarani,iso639_3
gro,gro,Groma,iso639_3
grq,grq,Gorovu,iso639_3
grr,grr,Taznatit,iso639_3
grs,grs,Gresi,iso639_3
grt,grt,Garo,iso639_3
gru,gru,Kistane,iso639_3
grv,grv,Central Grebo,iso639_3
grw,grw,Gweda,iso639_3
grx,grx,Guriaso,iso639_3
gry,gry,Barclayville Grebo,iso639_3
grz,grz,Guramalum,iso639_3
gse,gse,Ghanaian Sign Language,iso639_3
gsg,gsg,German Sign Language,iso639_3
gsl,gsl,Gusilay,iso639_3
gsm,gsm,Guatemalan Sign Language,iso639_3
gsn,gsn,Nema,iso639_3
gso,gso,Southwest Gbaya,iso639_3
gsp,gsp,Wasembo,iso639_3
gss,gss,Greek Sign Language,iso639_3
gsw,gsw,Swiss German,iso639_3
gta,gta,Guató,iso639_3
gtu,gtu,Aghu-Tharnggala,iso639_3
gua,gua,Shiki,iso639_3
gub,gub,Guajajára,iso639_3
guc,guc,Wayuu,iso639_3
gud,gud,Yocoboué Dida,iso639_3
gue,gue,Gurindji,iso639_3
guf,guf,Gupapuyngu,iso639_3
gug,gug,Paraguayan Guaraní,iso639_3
guh,guh,Guahibo,iso639_3
gui,gui,Eastern Bolivian Guaraní,iso639_3
guj,guj,Gujarati,iso639_3
guk,guk,Gumuz,iso639_3
gul,gul,Sea Island Creole English,iso639_3
gum,gum,Guambiano,iso639_3
gun,gun,Mbyá Guaraní,iso639_3
guo,guo,Guayabero,iso639_3
gup,gup,Gunwinggu,iso639_3
guq,guq,Aché,iso639_3
gur,gur,Farefare,iso639_3
gus,gus,Guinean Sign Language,iso639_3
gut,gut,Maléku Jaíka,iso639_3
guu,guu,Yanomamö,iso639_3
guw,guw,Gun,iso639_3
gux,gux,Gourmanchéma,iso639_3
guz,guz,Gusii,iso639_3
gva,gva,Guana (Paraguay),iso639_3
gvc,gvc,Guanano,iso639_3
gve,gve,Duwet,iso639_3
gvf,gvf,Golin,iso639_3
gvj,gvj,Guajá,iso639_3
gvl,gvl,Gulay,iso639_3
gvm,gvm,Gurmana,iso639_3
gvn,gvn,Kuku-Yalanji,iso639_3
gvo,gvo,Gavião Do Jiparaná,iso639_3
gvp,gvp,Pará Gavião,iso639_3
gvr,gvr,Gurung,iso639_3
gvs,gvs,Gumawana,iso639_3
gvy,gvy,Guyani,iso639_3
gwa,gwa,Mbato,iso639_3
gwb,gwb,Gwa,iso639_3
gwc,gwc,Gawri,iso639_3
gwd,gwd,Gawwada,iso639_3
gwe,gwe,Gweno,iso639_3
gwf,gwf,Gowro,iso639_3
gwg,gwg,Moo,iso639_3
gwi,gwi,Gwichʼin,iso639_3
gwj,gwj,ǀGwi,iso639_3
gwm,gwm,Awngthim,iso639_3
gwn,gwn,Gwandara,iso639_3
gwr,gwr,Gwere,iso639_3
gwt,gwt,Gawar-Bati,iso639_3
gwu,gwu,Guwamu,iso639_3
gww,gww,Kwini,iso639_3
gwx,gwx,Gua,iso639_3
gxx,gxx,Wè Southern,iso639_3
gya,gya,Northwest Gbaya,iso639_3
gyb,gyb,Garus,iso639_3
gyd,gyd,Kayardild,iso639_3
gye,gye,Gyem,iso639_3
gyf,gyf,Gungabula,iso639_3
gyg,gyg,Gbayi,iso639_3
gyi,gyi,Gyele,iso639_3
gyl,gyl,Gayil,iso639_3
gym,gym,Ngäbere,iso639_3
gyn,gyn,Guyanese Creole English,iso639_3
gyo,gyo,Gyalsumdo,iso639_3
gyr,gyr,Guarayu,iso639_3
gyy,gyy,Gunya,iso639_3
gyz,gyz,Geji,iso639_3
gza,gza,Ganza,iso639_3
gzi,gzi,Gazi,iso639_3
gzn,gzn,Gane,iso639_3
haa,haa,Han,iso639_3
hab,hab,Hanoi Sign Language,iso639_3
hac,hac,Gurani,iso639_3
had,had,Hatam,iso639_3
hae,hae,Eastern Oromo,iso639_3
haf,haf,Haiphong Sign Language,iso639_3
hag,hag,Hanga,iso639_3
hah,hah,Hahon,iso639_3
hai,hai,Haida,iso639_3
haj,haj,Hajong,iso639_3
hak,hak,Hakka Chinese,iso639_3
hal,hal,Halang,iso639_3
ham,ham,Hewa,iso639_3
han,han,Hangaza,iso639_3
hao,hao,Hakö,iso639_3
hap,hap,Hupla,iso639_3
haq,haq,Ha,iso639_3
har,har,Harari,iso639_3
has,has,Haisla,iso639_3
hat,hat,Haitian,iso639_3
hau,hau,Hausa,iso639_3
hav,hav,Havu,iso639_3
haw,haw,Hawaiian,iso639_3
hax,hax,Southern Haida,iso639_3
hay,hay,Haya,iso639_3
haz,haz,Hazaragi,iso639_3
hba,hba,Hamba,iso639_3
hbb,hbb,Huba,iso639_3
hbn,hbn,Heiban,iso639_3
hbo,hbo,Ancient Hebrew,iso639_3
hbs,hbs,Serbo-Croatian,iso639_3
hbu,hbu,Habu,iso639_3
hca,hca,Andaman Creole Hindi,iso639_3
hch,hch,Huichol,iso639_3
hdn,hdn,Northern Haida,iso639_3
hds,hds,Honduras Sign Language,iso639_3
hdy,hdy,Hadiyya,iso639_3
hea,hea,Northern Qiandong Miao,iso639_3
heb,heb,Hebrew,iso639_3
hed,hed,Herdé,iso639_3
heg,heg,Helong,iso639_3
heh,heh,Hehe,iso639_3
hei,hei,Heiltsuk,iso639_3
hem,hem,Hemba,iso639_3
her,her,Herero,iso639_3
hgm,hgm,Haiǁom,iso639_3
hgw,hgw,Haigwai,iso639_3
hhi,hhi,Hoia Hoia,iso639_3
hhr,hhr,Kerak,iso639_3
hhy,hhy,Hoyahoya,iso639_3
hia,hia,Lamang,iso639_3
hib,hib,Hibito,iso639_3
hid,hid,Hidatsa,iso639_3
hif,hif,Fiji Hindi,iso639_3
hig,hig,Kamwe,iso639_3
hih,hih,Pamosu,iso639_3
hii,hii,Hinduri,iso639_3
hij,hij,Hijuk,iso639_3
hik,hik,Seit-Kaitetu,iso639_3
hil,hil,Hiligaynon,iso639_3
hin,hin,Hindi,iso639_3
hio,hio,Tsoa,iso639_3
hir,hir,Himarimã,iso639_3
hit,hit,Hittite,iso639_3
hiw,hiw,Hiw,iso639_3
hix,hix,Hixkaryána,iso639_3
hji,hji,Haji,iso639_3
hka,hka,Kahe,iso639_3
hke,hke,Hunde,iso639_3
hkh,hkh,Khah,iso639_3
hkk,hkk,Hunjara-Kaina Ke,iso639_3
hkn,hkn,Mel-Khaonh,iso639_3
hks,hks,Hong Kong Sign Language,iso639_3
hla,hla,Halia,iso639_3
hlb,hlb,Halbi,iso639_3
hld,hld,Halang Doan,iso639_3
hle,hle,Hlersu,iso639_3
hlt,hlt,Matu Chin,iso639_3
hlu,hlu,Hieroglyphic Luwian,iso639_3
hma,hma,Southern Mashan Hmong,iso639_3
hmb,hmb,Humburi Senni Songhay,iso639_3
hmc,hmc,Central Huishui Hmong,iso639_3
hmd,hmd,Large Flowery Miao,iso639_3
hme,hme,Eastern Huishui Hmong,iso639_3
hmf,hmf,Hmong Don,iso639_3
hmg,hmg,Southwestern Guiyang Hmong,iso639_3
hmh,hmh,Southwestern Huishui Hmong,iso639_3
hmi,hmi,Northern Huishui Hmong,iso639_3
hmj,hmj,Ge,iso639_3
hmk,hmk,Maek,iso639_3
hml,hml,Luopohe Hmong,iso639_3
hmm,hmm,Central Mashan Hmong,iso639_3
hmn,hmn,Hmong,iso639_3
hmo,hmo,Hiri Motu,iso639_3
hmp,hmp,Northern Mashan Hmong,iso639_3
hmq,hmq,Eastern Qiandong Miao,iso639_3
hmr,hmr,Hmar,iso639_3
hms,hms,Southern Qiandong Miao,iso639_3
hmt,hmt,Hamtai,iso639_3
hmu,hmu,Hamap,iso639_3
hmv,hmv,Hmong Dô,iso639_3
hmw,hmw,Western Mashan Hmong,iso639_3
hmx,hmx,Hmong-Mien languages,iso639_5_collection
hmy,hmy,Southern Guiyang Hmong,iso639_3
hmz,hmz,Hmong Shua,iso639_3
hna,hna,Mina (Cameroon),iso639_3
hnd,hnd,Southern Hindko,iso639_3
hne,hne,Chhattisgarhi,iso639_3
hng,hng,Hungu,iso639_3
hnh,hnh,ǁAni,iso639_3
hni,hni,Hani,iso639_3
hnj,hnj,Hmong Njua,iso639_3
hnn,hnn,Hanunoo,iso639_3
hno,hno,Northern Hindko,iso639_3
hns,hns,Caribbean Hindustani,iso639_3
hnu,hnu,Hung,iso639_3
hoa,hoa,Hoava,iso639_3
hob,hob,Mari (Madang Province),iso639_3
hoc,hoc,Ho,iso639_3
hod,hod,Holma,iso639_3
hoe,hoe,Horom,iso639_3
hoh,hoh,Hobyót,iso639_3
hoi,hoi,Holikachuk,iso639_3
hoj,hoj,Hadothi,iso639_3
hok,hok,Hokan languages,iso639_5_collection
hol,hol,Holu,iso639_3
hom,hom,Homa,iso639_3
hoo,hoo,Holoholo,iso639_3
hop,hop,Hopi,iso639_3
hor,hor,Horo,iso639_3
hos,hos,Ho Chi Minh City Sign Language,iso639_3
hot,hot,Hote,iso639_3
hov,hov,Hovongan,iso639_3
how,how,Honi,iso639_3
hoy,hoy,Holiya,iso639_3
hoz,hoz,Hozo,iso639_3
hpo,hpo,Hpon,iso639_3
hps,hps,Hawai'i Sign Language (HSL),iso639_3
hra,hra,Hrangkhol,iso639_3
hrc,hrc,Niwer Mil,iso639_3
hre,hre,Hre,iso639_3
hrk,hrk,Haruku,iso639_3
hrm,hrm,Horned Miao,iso639_3
hro,hro,Haroi,iso639_3
hrp,hrp,Nhirrpi,iso639_3
hrt,hrt,Hértevin,iso639_3
hru,hru,Hruso,iso639_3
hrv,hrv,Croatian,iso639_3
hrw,hrw,Warwar Feni,iso639_3
hrx,hrx,Hunsrik,iso639_3
hrz,hrz,Harzani,iso639_3
hsb,hsb,Upper Sorbian,iso639_3
hsh,hsh,Hungarian Sign Language,iso639_3
hsl,hsl,Hausa Sign Language,iso639_3
hsn,hsn,Xiang Chinese,iso639_3
hss,hss,Harsusi,iso639_3
hti,hti,Hoti,iso639_3
hto,hto,Minica Huitoto,iso639_3
hts,hts,Hadza,iso639_3
htu,htu,Hitu,iso639_3
htx,htx,Middle Hittite,iso639_3
hub,hub,Huambisa,iso639_3
huc,huc,ǂHua,iso639_3
hud,hud,Huaulu,iso639_3
hue,hue,San Francisco Del Mar Huave,iso639_3
huf,huf,Humene,iso639_3
hug,hug,Huachipaeri,iso639_3
huh,huh,Huilliche,iso639_3
hui,hui,Huli,iso639_3
huj,huj,Northern Guiyang Hmong,iso639_3
huk,huk,Hulung,iso639_3
hul,hul,Hula,iso639_3
hum,hum,Hungana,iso639_3
hun,hun,Hungarian,iso639_3
huo,huo,Hu,iso639_3
hup,hup,Hupa,iso639_3
huq,huq,Tsat,iso639_3
hur,hur,Halkomelem,iso639_3
hus,hus,Huastec,iso639_3
hut,hut,Humla,iso639_3
huu,huu,Murui Huitoto,iso639_3
huv,huv,San Mateo Del Mar Huave,iso639_3
huw,huw,Hukumina,iso639_3
hux,hux,Nüpode Huitoto,iso639_3
huy,huy,Hulaulá,iso639_3
huz,huz,Hunzib,iso639_3
hvc,hvc,Haitian Vodoun Culture Language,iso639_3
hve,hve,San Dionisio Del Mar Huave,iso639_3
hvk,hvk,Haveke,iso639_3
hvn,hvn,Sabu,iso639_3
hvv,hvv,Santa María Del Mar Huave,iso639_3
hwa,hwa,Wané,iso639_3
hwc,hwc,Hawai'i Creole English,iso639_3
hwo,hwo,Hwana,iso639_3
hya,hya,Hya,iso639_3
hye,hye,Armenian,iso639_3
hyw,hyw,Western Armenian,iso639_3
hyx,hyx,Armenian (family),iso639_5_collection
iai,iai,Iaai,iso639_3
ian,ian,Iatmul,iso639_3
iar,iar,Purari,iso639_3
iba,iba,Iban,iso639_3
ibb,ibb,Ibibio,iso639_3
ibd,ibd,Iwaidja,iso639_3
ibe,ibe,Akpes,iso639_3
ibg,ibg,Ibanag,iso639_3
ibh,ibh,Bih,iso639_3
ibl,ibl,Ibaloi,iso639_3
ibm,ibm,Agoi,iso639_3
ibn,ibn,Ibino,iso639_3
ibo,ibo,Igbo,iso639_3
ibr,ibr,Ibuoro,iso639_3
ibu,ibu,Ibu,iso639_3
iby,iby,Ibani,iso639_3
ica,ica,Ede Ica,iso639_3
ice,isl,Icelandic,iso639_2_bibliographic_alias
ich,ich,Etkywan,iso639_3
icl,icl,Icelandic Sign Language,iso639_3
icr,icr,Islander Creole English,iso639_3
ida,ida,Idakho-Isukha-Tiriki,iso639_3
idb,idb,Indo-Portuguese,iso639_3
idc,idc,Idon,iso639_3
idd,idd,Ede Idaca,iso639_3
ide,ide,Idere,iso639_3
idi,idi,Idi,iso639_3
ido,ido,Ido,iso639_3
idr,idr,Indri,iso639_3
ids,ids,Idesa,iso639_3
idt,idt,Idaté,iso639_3
idu,idu,Idoma,iso639_3
ifa,ifa,Amganad Ifugao,iso639_3
ifb,ifb,Batad Ifugao,iso639_3
ife,ife,Ifè,iso639_3
iff,iff,Ifo,iso639_3
ifk,ifk,Tuwali Ifugao,iso639_3
ifm,ifm,Teke-Fuumu,iso639_3
ifu,ifu,Mayoyao Ifugao,iso639_3
ify,ify,Keley-I Kallahan,iso639_3
igb,igb,Ebira,iso639_3
ige,ige,Igede,iso639_3
igg,igg,Igana,iso639_3
igl,igl,Igala,iso639_3
igm,igm,Kanggape,iso639_3
ign,ign,Ignaciano,iso639_3
igo,igo,Isebe,iso639_3
igs,igs,Interglossa,iso639_3
igw,igw,Igwe,iso639_3
ihb,ihb,Iha Based Pidgin,iso639_3
ihi,ihi,Ihievbe,iso639_3
ihp,ihp,Iha,iso639_3
ihw,ihw,Bidhawal,iso639_3
iii,iii,Sichuan Yi,iso639_3
iin,iin,Thiin,iso639_3
iir,iir,Indo-Iranian languages,iso639_5_collection
ijc,ijc,Izon,iso639_3
ije,ije,Biseni,iso639_3
ijj,ijj,Ede Ije,iso639_3
ijn,ijn,Kalabari,iso639_3
ijo,ijo,Ijo languages,iso639_5_collection
ijs,ijs,Southeast Ijo,iso639_3
ike,ike,Eastern Canadian Inuktitut,iso639_3
iki,iki,Iko,iso639_3
ikk,ikk,Ika,iso639_3
ikl,ikl,Ikulu,iso639_3
iko,iko,Olulumo-Ikom,iso639_3
ikp,ikp,Ikpeshi,iso639_3
ikr,ikr,Ikaranggal,iso639_3
iks,iks,Inuit Sign Language,iso639_3
ikt,ikt,Inuinnaqtun,iso639_3
iku,iku,Inuktitut,iso639_3
ikv,ikv,Iku-Gora-Ankwa,iso639_3
ikw,ikw,Ikwere,iso639_3
ikx,ikx,Ik,iso639_3
ikz,ikz,Ikizu,iso639_3
ila,ila,Ile Ape,iso639_3
ilb,ilb,Ila,iso639_3
ile,ile,Interlingue,iso639_3
ilg,ilg,Garig-Ilgar,iso639_3
ili,ili,Ili Turki,iso639_3
ilk,ilk,Ilongot,iso639_3
ilm,ilm,Iranun (Malaysia),iso639_3
ilo,ilo,Iloko,iso639_3
ilp,ilp,Iranun (Philippines),iso639_3
ils,ils,International Sign,iso639_3
ilu,ilu,Ili'uun,iso639_3
ilv,ilv,Ilue,iso639_3
ima,ima,Mala Malasar,iso639_3
imi,imi,Anamgura,iso639_3
iml,iml,Miluk,iso639_3
imn,imn,Imonda,iso639_3
imo,imo,Imbongu,iso639_3
imr,imr,Imroing,iso639_3
ims,ims,Marsian,iso639_3
imt,imt,Imotong,iso639_3
imy,imy,Milyan,iso639_3
ina,ina,Interlingua (International Auxiliary Language Association),iso639_3
inb,inb,Inga,iso639_3
inc,inc,Indic languages,iso639_5_collection
ind,ind,Indonesian,iso639_3
ine,ine,Indo-European languages,iso639_5_collection
ing,ing,Degexit'an,iso639_3
inh,inh,Ingush,iso639_3
inj,inj,Jungle Inga,iso639_3
inl,inl,Indonesian Sign Language,iso639_3
inm,inm,Minaean,iso639_3
inn,inn,Isinai,iso639_3
ino,ino,Inoke-Yate,iso639_3
inp,inp,Iñapari,iso639_3
ins,ins,Indian Sign Language,iso639_3
int,int,Intha,iso639_3
inz,inz,Ineseño,iso639_3
ior,ior,Inor,iso639_3
iou,iou,Tuma-Irumu,iso639_3
iow,iow,Iowa-Oto,iso639_3
ipi,ipi,Ipili,iso639_3
ipk,ipk,Inupiaq,iso639_3
ipo,ipo,Ipiko,iso639_3
iqu,iqu,Iquito,iso639_3
iqw,iqw,Ikwo,iso639_3
ira,ira,Iranian languages,iso639_5_collection
ire,ire,Iresim,iso639_3
irh,irh,Irarutu,iso639_3
iri,iri,Rigwe,iso639_3
irk,irk,Iraqw,iso639_3
irn,irn,Irántxe,iso639_3
iro,iro,Iroquoian languages,iso639_5_collection
irr,irr,Ir,iso639_3
iru,iru,Irula,iso639_3
irx,irx,Kamberau,iso639_3
iry,iry,Iraya,iso639_3
isa,isa,Isabi,iso639_3
isc,isc,Isconahua,iso639_3
isd,isd,Isnag,iso639_3
ise,ise,Italian Sign Language,iso639_3
isg,isg,Irish Sign Language,iso639_3
ish,ish,Esan,iso639_3
isi,isi,Nkem-Nkum,iso639_3
isk,isk,Ishkashimi,iso639_3
isl,isl,Icelandic,iso639_3
ism,ism,Masimasi,iso639_3
isn,isn,Isanzu,iso639_3
iso,iso,Isoko,iso639_3
isr,isr,Israeli Sign Language,iso639_3
ist,ist,Istriot,iso639_3
isu,isu,Isu (Menchum Division),iso639_3
ita,ita,Italian,iso639_3
itb,itb,Binongan Itneg,iso639_3
itc,itc,Italic languages,iso639_5_collection
itd,itd,Southern Tidung,iso639_3
ite,ite,Itene,iso639_3
iti,iti,Inlaod Itneg,iso639_3
itk,itk,Judeo-Italian,iso639_3
itl,itl,Itelmen,iso639_3
itm,itm,Itu Mbon Uzo,iso639_3
ito,ito,Itonama,iso639_3
itr,itr,Iteri,iso639_3
its,its,Isekiri,iso639_3
itt,itt,Maeng Itneg,iso639_3
itv,itv,Itawit,iso639_3
itw,itw,Ito,iso639_3
itx,itx,Itik,iso639_3
ity,ity,Moyadan Itneg,iso639_3
itz,itz,Itzá,iso639_3
ium,ium,Iu Mien,iso639_3
ivb,ivb,Ibatan,iso639_3
ivv,ivv,Ivatan,iso639_3
iwk,iwk,I-Wak,iso639_3
iwm,iwm,Iwam,iso639_3
iwo,iwo,Iwur,iso639_3
iws,iws,Sepik Iwam,iso639_3
ixc,ixc,Ixcatec,iso639_3
ixl,ixl,Ixil,iso639_3
iya,iya,Iyayu,iso639_3
iyo,iyo,Mesaka,iso639_3
iyx,iyx,Yaka (Congo),iso639_3
izh,izh,Ingrian,iso639_3
izr,izr,Izere,iso639_3
izz,izz,Izii,iso639_3
jaa,jaa,Jamamadí,iso639_3
jab,jab,Hyam,iso639_3
jac,jac,Popti',iso639_3
jad,jad,Jahanka,iso639_3
jae,jae,Yabem,iso639_3
jaf,jaf,Jara,iso639_3
jah,jah,Jah Hut,iso639_3
jaj,jaj,Zazao,iso639_3
jak,jak,Jakun,iso639_3
jal,jal,Yalahatan,iso639_3
jam,jam,Jamaican Creole English,iso639_3
jan,jan,Jandai,iso639_3
jao,jao,Yanyuwa,iso639_3
jaq,jaq,Yaqay,iso639_3
jas,jas,New Caledonian Javanese,iso639_3
jat,jat,Jakati,iso639_3
jau,jau,Yaur,iso639_3
jav,jav,Javanese,iso639_3
jax,jax,Jambi Malay,iso639_3
jay,jay,Yan-nhangu,iso639_3
jaz,jaz,Jawe,iso639_3
jbe,jbe,Judeo-Berber,iso639_3
jbi,jbi,Badjiri,iso639_3
jbj,jbj,Arandai,iso639_3
jbk,jbk,Barikewa,iso639_3
jbm,jbm,Bijim,iso639_3
jbn,jbn,Nafusi,iso639_3
jbo,jbo,Lojban,iso639_3
jbr,jbr,Jofotek-Bromnya,iso639_3
jbt,jbt,Jabutí,iso639_3
jbu,jbu,Jukun Takum,iso639_3
jbw,jbw,Yawijibaya,iso639_3
jcs,jcs,Jamaican Country Sign Language,iso639_3
jct,jct,Krymchak,iso639_3
jda,jda,Jad,iso639_3
jdg,jdg,Jadgali,iso639_3
jdt,jdt,Judeo-Tat,iso639_3
jeb,jeb,Jebero,iso639_3
jee,jee,Jerung,iso639_3
jeh,jeh,Jeh,iso639_3
jei,jei,Yei,iso639_3
jek,jek,Jeri Kuo,iso639_3
jel,jel,Yelmek,iso639_3
jen,jen,Dza,iso639_3
jer,jer,Jere,iso639_3
jet,jet,Manem,iso639_3
jeu,jeu,Jonkor Bourmataguil,iso639_3
jgb,jgb,Ngbee,iso639_3
jge,jge,Judeo-Georgian,iso639_3
jgk,jgk,Gwak,iso639_3
jgo,jgo,Ngomba,iso639_3
jhi,jhi,Jehai,iso639_3
jhs,jhs,Jhankot Sign Language,iso639_3
jia,jia,Jina,iso639_3
jib,jib,Jibu,iso639_3
jic,jic,Tol,iso639_3
jid,jid,Bu (Kaduna State),iso639_3
jie,jie,Jilbe,iso639_3
jig,jig,Jingulu,iso639_3
jih,jih,sTodsde,iso639_3
jii,jii,Jiiddu,iso639_3
jil,jil,Jilim,iso639_3
jim,jim,Jimi (Cameroon),iso639_3
jio,jio,Jiamao,iso639_3
jiq,jiq,Guanyinqiao,iso639_3
jit,jit,Jita,iso639_3
jiu,jiu,Youle Jinuo,iso639_3
jiv,jiv,Shuar,iso639_3
jiy,jiy,Buyuan Jinuo,iso639_3
jje,jje,Jejueo,iso639_3
jjr,jjr,Bankal,iso639_3
jka,jka,Kaera,iso639_3
jkm,jkm,Mobwa Karen,iso639_3
jko,jko,Kubo,iso639_3
jkp,jkp,Paku Karen,iso639_3
jkr,jkr,Koro (India),iso639_3
jks,jks,Amami Koniya Sign Language,iso639_3
jku,jku,Labir,iso639_3
jle,jle,Ngile,iso639_3
jls,jls,Jamaican Sign Language,iso639_3
jma,jma,Dima,iso639_3
jmb,jmb,Zumbun,iso639_3
jmc,jmc,Machame,iso639_3
jmd,jmd,Yamdena,iso639_3
jmi,jmi,Jimi (Nigeria),iso639_3
jml,jml,Jumli,iso639_3
jmn,jmn,Makuri Naga,iso639_3
jmr,jmr,Kamara,iso639_3
jms,jms,Mashi (Nigeria),iso639_3
jmw,jmw,Mouwase,iso639_3
jmx,jmx,Western Juxtlahuaca Mixtec,iso639_3
jna,jna,Jangshung,iso639_3
jnd,jnd,Jandavra,iso639_3
jng,jng,Yangman,iso639_3
jni,jni,Janji,iso639_3
jnj,jnj,Yemsa,iso639_3
jnl,jnl,Rawat,iso639_3
jns,jns,Jaunsari,iso639_3
job,job,Joba,iso639_3
jod,jod,Wojenaka,iso639_3
jog,jog,Jogi,iso639_3
jor,jor,Jorá,iso639_3
jos,jos,Jordanian Sign Language,iso639_3
jow,jow,Jowulu,iso639_3
jpa,jpa,Jewish Palestinian Aramaic,iso639_3
jpn,jpn,Japanese,iso639_3
jpr,jpr,Judeo-Persian,iso639_3
jpx,jpx,Japanese (family),iso639_5_collection
jqr,jqr,Jaqaru,iso639_3
jra,jra,Jarai,iso639_3
jrb,jrb,Judeo-Arabic,iso639_3
jrr,jrr,Jiru,iso639_3
jrt,jrt,Jakattoe,iso639_3
jru,jru,Japrería,iso639_3
jsl,jsl,Japanese Sign Language,iso639_3
jua,jua,Júma,iso639_3
jub,jub,Wannu,iso639_3
juc,juc,Jurchen,iso639_3
jud,jud,Worodougou,iso639_3
juh,juh,Hõne,iso639_3
jui,jui,Ngadjuri,iso639_3
juk,juk,Wapan,iso639_3
jul,jul,Jirel,iso639_3
jum,jum,Jumjum,iso639_3
jun,jun,Juang,iso639_3
juo,juo,Jiba,iso639_3
jup,jup,Hupdë,iso639_3
jur,jur,Jurúna,iso639_3
jus,jus,Jumla Sign Language,iso639_3
jut,jut,Jutish,iso639_3
juu,juu,Ju,iso639_3
juw,juw,Wãpha,iso639_3
juy,juy,Juray,iso639_3
jvd,jvd,Javindo,iso639_3
jvn,jvn,Caribbean Javanese,iso639_3
jwi,jwi,Jwira-Pepesa,iso639_3
jya,jya,Jiarong,iso639_3
jye,jye,Judeo-Yemeni Arabic,iso639_3
jyy,jyy,Jaya,iso639_3
kaa,kaa,Kara-Kalpak,iso639_3
kab,kab,Kabyle,iso639_3
kac,kac,Kachin,iso639_3
kad,kad,Adara,iso639_3
kae,kae,Ketangalan,iso639_3
kaf,kaf,Katso,iso639_3
kag,kag,Kajaman,iso639_3
kah,kah,Kara (Central African Republic),iso639_3
kai,kai,Karekare,iso639_3
kaj,kaj,Jju,iso639_3
kak,kak,Kalanguya,iso639_3
kal,kal,Kalaallisut,iso639_3
kam,kam,Kamba (Kenya),iso639_3
kan,kan,Kannada,iso639_3
kao,kao,Xaasongaxango,iso639_3
kap,kap,Bezhta,iso639_3
kaq,kaq,Capanahua,iso639_3
kar,kar,Karen languages,iso639_5_collection
kas,kas,Kashmiri,iso639_3
kat,kat,Georgian,iso639_3
kau,kau,Kanuri,iso639_3
kav,kav,Katukína,iso639_3
kaw,kaw,Kawi,iso639_3
kax,kax,Kao,iso639_3
kay,kay,Kamayurá,iso639_3
kaz,kaz,Kazakh,iso639_3
kba,kba,Kalarko,iso639_3
kbb,kbb,Kaxuiâna,iso639_3
kbc,kbc,Kadiwéu,iso639_3
kbd,kbd,Kabardian,iso639_3
kbe,kbe,Kanju,iso639_3
kbg,kbg,Khamba,iso639_3
kbh,kbh,Camsá,iso639_3
kbi,kbi,Kaptiau,iso639_3
kbj,kbj,Kari,iso639_3
kbk,kbk,Grass Koiari,iso639_3
kbl,kbl,Kanembu,iso639_3
kbm,kbm,Iwal,iso639_3
kbn,kbn,Kare (Central African Republic),iso639_3
kbo,kbo,Keliko,iso639_3
kbp,kbp,Kabiyè,iso639_3
kbq,kbq,Kamano,iso639_3
kbr,kbr,Kafa,iso639_3
kbs,kbs,Kande,iso639_3
kbt,kbt,Abadi,iso639_3
kbu,kbu,Kabutra,iso639_3
kbv,kbv,Dera (Indonesia),iso639_3
kbw,kbw,Kaiep,iso639_3
kbx,kbx,Ap Ma,iso639_3
kby,kby,Manga Kanuri,iso639_3
kbz,kbz,Duhwa,iso639_3
kca,kca,Khanty,iso639_3
kcb,kcb,Kawacha,iso639_3
kcc,kcc,Lubila,iso639_3
kcd,kcd,Ngkâlmpw Kanum,iso639_3
kce,kce,Kaivi,iso639_3
kcf,kcf,Ukaan,iso639_3
kcg,kcg,Tyap,iso639_3
kch,kch,Vono,iso639_3
kci,kci,Kamantan,iso639_3
kcj,kcj,Kobiana,iso639_3
kck,kck,Kalanga,iso639_3
kcl,kcl,Kela (Papua New Guinea),iso639_3
kcm,kcm,Gula (Central African Republic),iso639_3
kcn,kcn,Nubi,iso639_3
kco,kco,Kinalakna,iso639_3
kcp,kcp,Kanga,iso639_3
kcq,kcq,Kamo,iso639_3
kcr,kcr,Katla,iso639_3
kcs,kcs,Koenoem,iso639_3
kct,kct,Kaian,iso639_3
kcu,kcu,Kami (Tanzania),iso639_3
kcv,kcv,Kete,iso639_3
kcw,kcw,Kabwari,iso639_3
kcx,kcx,Kachama-Ganjule,iso639_3
kcy,kcy,Korandje,iso639_3
kcz,kcz,Konongo,iso639_3
kda,kda,Worimi,iso639_3
kdc,kdc,Kutu,iso639_3
kdd,kdd,Yankunytjatjara,iso639_3
kde,kde,Makonde,iso639_3
kdf,kdf,Mamusi,iso639_3
kdg,kdg,Seba,iso639_3
kdh,kdh,Tem,iso639_3
kdi,kdi,Kumam,iso639_3
kdj,kdj,Karamojong,iso639_3
kdk,kdk,Numèè,iso639_3
kdl,kdl,Tsikimba,iso639_3
kdm,kdm,Kagoma,iso639_3
kdn,kdn,Kunda,iso639_3
kdo,kdo,Kordofanian languages,iso639_5_collection
kdp,kdp,Kaningdon-Nindem,iso639_3
kdq,kdq,Koch,iso639_3
kdr,kdr,Karaim,iso639_3
kdt,kdt,Kuy,iso639_3
kdu,kdu,Kadaru,iso639_3
kdw,kdw,Koneraw,iso639_3
kdx,kdx,Kam,iso639_3
kdy,kdy,Keder,iso639_3
kdz,kdz,Kwaja,iso639_3
kea,kea,Kabuverdianu,iso639_3
keb,keb,Kélé,iso639_3
kec,kec,Keiga,iso639_3
ked,ked,Kerewe,iso639_3
kee,kee,Eastern Keres,iso639_3
kef,kef,Kpessi,iso639_3
keg,keg,Tese,iso639_3
keh,keh,Keak,iso639_3
kei,kei,Kei,iso639_3
kej,kej,Kadar,iso639_3
kek,kek,Kekchí,iso639_3
kel,kel,Kela (Democratic Republic of Congo),iso639_3
kem,kem,Kemak,iso639_3
ken,ken,Kenyang,iso639_3
keo,keo,Kakwa,iso639_3
kep,kep,Kaikadi,iso639_3
keq,keq,Kamar,iso639_3
ker,ker,Kera,iso639_3
kes,kes,Kugbo,iso639_3
ket,ket,Ket,iso639_3
keu,keu,Akebu,iso639_3
kev,kev,Kanikkaran,iso639_3
kew,kew,West Kewa,iso639_3
kex,kex,Kukna,iso639_3
key,key,Kupia,iso639_3
kez,kez,Kukele,iso639_3
kfa,kfa,Kodava,iso639_3
kfb,kfb,Northwestern Kolami,iso639_3
kfc,kfc,Konda-Dora,iso639_3
kfd,kfd,Korra Koraga,iso639_3
kfe,kfe,Kota (India),iso639_3
kff,kff,Koya,iso639_3
kfg,kfg,Kudiya,iso639_3
kfh,kfh,Kurichiya,iso639_3
kfi,kfi,Kannada Kurumba,iso639_3
kfj,kfj,Kemiehua,iso639_3
kfk,kfk,Kinnauri,iso639_3
kfl,kfl,Kung,iso639_3
kfm,kfm,Khunsari,iso639_3
kfn,kfn,Kuk,iso639_3
kfo,kfo,Koro (Côte d'Ivoire),iso639_3
kfp,kfp,Korwa,iso639_3
kfq,kfq,Korku,iso639_3
kfr,kfr,Kachhi,iso639_3
kfs,kfs,Bilaspuri,iso639_3
kft,kft,Kanjari,iso639_3
kfu,kfu,Katkari,iso639_3
kfv,kfv,Kurmukar,iso639_3
kfw,kfw,Kharam Naga,iso639_3
kfx,kfx,Kullu Pahari,iso639_3
kfy,kfy,Kumaoni,iso639_3
kfz,kfz,Koromfé,iso639_3
kga,kga,Koyaga,iso639_3
kgb,kgb,Kawe,iso639_3
kge,kge,Komering,iso639_3
kgf,kgf,Kube,iso639_3
kgg,kgg,Kusunda,iso639_3
kgi,kgi,Selangor Sign Language,iso639_3
kgj,kgj,Gamale Kham,iso639_3
kgk,kgk,Kaiwá,iso639_3
kgl,kgl,Kunggari,iso639_3
kgm,kgm,Karipúna,iso639_3
kgn,kgn,Karingani,iso639_3
kgo,kgo,Krongo,iso639_3
kgp,kgp,Kaingang,iso639_3
kgq,kgq,Kamoro,iso639_3
kgr,kgr,Abun,iso639_3
kgs,kgs,Kumbainggar,iso639_3
kgt,kgt,Somyev,iso639_3
kgu,kgu,Kobol,iso639_3
kgv,kgv,Karas,iso639_3
kgw,kgw,Karon Dori,iso639_3
kgx,kgx,Kamaru,iso639_3
kgy,kgy,Kyerung,iso639_3
kha,kha,Khasi,iso639_3
khb,khb,Lü,iso639_3
khc,khc,Tukang Besi North,iso639_3
khd,khd,Bädi Kanum,iso639_3
khe,khe,Korowai,iso639_3
khf,khf,Khuen,iso639_3
khg,khg,Khams Tibetan,iso639_3
khh,khh,Kehu,iso639_3
khi,khi,Khoisan languages,iso639_5_collection
khj,khj,Kuturmi,iso639_3
khk,khk,Halh Mongolian,iso639_3
khl,khl,Lusi,iso639_3
khm,khm,Khmer,iso639_3
khn,khn,Khandesi,iso639_3
kho,kho,Khotanese,iso639_3
khp,khp,Kapori,iso639_3
khq,khq,Koyra Chiini Songhay,iso639_3
khr,khr,Kharia,iso639_3
khs,khs,Kasua,iso639_3
kht,kht,Khamti,iso639_3
khu,khu,Nkhumbi,iso639_3
khv,khv,Khvarshi,iso639_3
khw,khw,Khowar,iso639_3
khx,khx,Kanu,iso639_3
khy,khy,Kele (Democratic Republic of Congo),iso639_3
khz,khz,Keapara,iso639_3
kia,kia,Kim,iso639_3
kib,kib,Koalib,iso639_3
kic,kic,Kickapoo,iso639_3
kid,kid,Koshin,iso639_3
kie,kie,Kibet,iso639_3
kif,kif,Eastern Parbate Kham,iso639_3
kig,kig,Kimaama,iso639_3
kih,kih,Kilmeri,iso639_3
kii,kii,Kitsai,iso639_3
kij,kij,Kilivila,iso639_3
kik,kik,Kikuyu,iso639_3
kil,kil,Kariya,iso639_3
kim,kim,Karagas,iso639_3
kin,kin,Kinyarwanda,iso639_3
kio,kio,Kiowa,iso639_3
kip,kip,Sheshi Kham,iso639_3
kiq,kiq,Kosadle,iso639_3
kir,kir,Kirghiz,iso639_3
kis,kis,Kis,iso639_3
kit,kit,Agob,iso639_3
kiu,kiu,Kirmanjki (individual language),iso639_3
kiv,kiv,Kimbu,iso639_3
kiw,kiw,Northeast Kiwai,iso639_3
kix,kix,Khiamniungan Naga,iso639_3
kiy,kiy,Kirikiri,iso639_3
kiz,kiz,Kisi,iso639_3
kja,kja,Mlap,iso639_3
kjb,kjb,Q'anjob'al,iso639_3
kjc,kjc,Coastal Konjo,iso639_3
kjd,kjd,Southern Kiwai,iso639_3
kje,kje,Kisar,iso639_3
kjg,kjg,Khmu,iso639_3
kjh,kjh,Khakas,iso639_3
kji,kji,Zabana,iso639_3
kjj,kjj,Khinalugh,iso639_3
kjk,kjk,Highland Konjo,iso639_3
kjl,kjl,Western Parbate Kham,iso639_3
kjm,kjm,Kháng,iso639_3
kjn,kjn,Kunjen,iso639_3
kjo,kjo,Harijan Kinnauri,iso639_3
kjp,kjp,Pwo Eastern Karen,iso639_3
kjq,kjq,Western Keres,iso639_3
kjr,kjr,Kurudu,iso639_3
kjs,kjs,East Kewa,iso639_3
kjt,kjt,Phrae Pwo Karen,iso639_3
kju,kju,Kashaya,iso639_3
kjv,kjv,Kaikavian Literary Language,iso639_3
kjx,kjx,Ramopa,iso639_3
kjy,kjy,Erave,iso639_3
kjz,kjz,Bumthangkha,iso639_3
kka,kka,Kakanda,iso639_3
kkb,kkb,Kwerisa,iso639_3
kkc,kkc,Odoodee,iso639_3
kkd,kkd,Kinuku,iso639_3
kke,kke,Kakabe,iso639_3
kkf,kkf,Kalaktang Monpa,iso639_3
kkg,kkg,Mabaka Valley Kalinga,iso639_3
kkh,kkh,Khün,iso639_3
kki,kki,Kagulu,iso639_3
kkj,kkj,Kako,iso639_3
kkk,kkk,Kokota,iso639_3
kkl,kkl,Kosarek Yale,iso639_3
kkm,kkm,Kiong,iso639_3
kkn,kkn,Kon Keu,iso639_3
kko,kko,Karko,iso639_3
kkp,kkp,Gugubera,iso639_3
kkq,kkq,Kaeku,iso639_3
kkr,kkr,Kir-Balar,iso639_3
kks,kks,Giiwo,iso639_3
kkt,kkt,Koi,iso639_3
kku,kku,Tumi,iso639_3
kkv,kkv,Kangean,iso639_3
kkw,kkw,Teke-Kukuya,iso639_3
kkx,kkx,Kohin,iso639_3
kky,kky,Guugu Yimidhirr,iso639_3
kkz,kkz,Kaska,iso639_3
kla,kla,Klamath-Modoc,iso639_3
klb,klb,Kiliwa,iso639_3
klc,klc,Kolbila,iso639_3
kld,kld,Gamilaraay,iso639_3
kle,kle,Kulung (Nepal),iso639_3
klf,klf,Kendeje,iso639_3
klg,klg,Tagakaulo,iso639_3
klh,klh,Weliki,iso639_3
kli,kli,Kalumpang,iso639_3
klj,klj,Khalaj,iso639_3
klk,klk,Kono (Nigeria),iso639_3
kll,kll,Kagan Kalagan,iso639_3
klm,klm,Migum,iso639_3
kln,kln,Kalenjin,iso639_3
klo,klo,Kapya,iso639_3
klp,klp,Kamasa,iso639_3
klq,klq,Rumu,iso639_3
klr,klr,Khaling,iso639_3
kls,kls,Kalasha,iso639_3
klt,klt,Nukna,iso639_3
klu,klu,Klao,iso639_3
klv,klv,Maskelynes,iso639_3
klw,klw,Tado,iso639_3
klx,klx,Koluwawa,iso639_3
kly,kly,Kalao,iso639_3
klz,klz,Kabola,iso639_3
kma,kma,Konni,iso639_3
kmb,kmb,Kimbundu,iso639_3
kmc,kmc,Southern Dong,iso639_3
kmd,kmd,Majukayang Kalinga,iso639_3
kme,kme,Bakole,iso639_3
kmf,kmf,Kare (Papua New Guinea),iso639_3
kmg,kmg,Kâte,iso639_3
kmh,kmh,Kalam,iso639_3
kmi,kmi,Kami (Nigeria),iso639_3
kmj,kmj,Kumarbhag Paharia,iso639_3
kmk,kmk,Limos Kalinga,iso639_3
kml,kml,Tanudan Kalinga,iso639_3
kmm,kmm,Kom (India),iso639_3
kmn,kmn,Awtuw,iso639_3
kmo,kmo,Kwoma,iso639_3
kmp,kmp,Gimme,iso639_3
kmq,kmq,Kwama,iso639_3
kmr,kmr,Northern Kurdish,iso639_3
kms,kms,Kamasau,iso639_3
kmt,kmt,Kemtuik,iso639_3
kmu,kmu,Kanite,iso639_3
kmv,kmv,Karipúna Creole French,iso639_3
kmw,kmw,Komo (Democratic Republic of Congo),iso639_3
kmx,kmx,Waboda,iso639_3
kmy,kmy,Koma,iso639_3
kmz,kmz,Khorasani Turkish,iso639_3
kna,kna,Dera (Nigeria),iso639_3
knb,knb,Lubuagan Kalinga,iso639_3
knc,knc,Central Kanuri,iso639_3
knd,knd,Konda,iso639_3
kne,kne,Kankanaey,iso639_3
knf,knf,Mankanya,iso639_3
kng,kng,Koongo,iso639_3
kni,kni,Kanufi,iso639_3
knj,knj,Western Kanjobal,iso639_3
knk,knk,Kuranko,iso639_3
knl,knl,Keninjal,iso639_3
knm,knm,Kanamarí,iso639_3
knn,knn,Konkani (individual language),iso639_3
kno,kno,Kono (Sierra Leone),iso639_3
knp,knp,Kwanja,iso639_3
knq,knq,Kintaq,iso639_3
knr,knr,Kaningra,iso639_3
kns,kns,Kensiu,iso639_3
knt,knt,Panoan Katukína,iso639_3
knu,knu,Kono (Guinea),iso639_3
knv,knv,Tabo,iso639_3
knw,knw,Kung-Ekoka,iso639_3
knx,knx,Kendayan,iso639_3
kny,kny,Kanyok,iso639_3
knz,knz,Kalamsé,iso639_3
koa,koa,Konomala,iso639_3
koc,koc,Kpati,iso639_3
kod,kod,Kodi,iso639_3
koe,koe,Kacipo-Bale Suri,iso639_3
kof,kof,Kubi,iso639_3
kog,kog,Cogui,iso639_3
koh,koh,Koyo,iso639_3
koi,koi,Komi-Permyak,iso639_3
kok,kok,Konkani (macrolanguage),iso639_3
kol,kol,Kol (Papua New Guinea),iso639_3
kom,kom,Komi,iso639_3
kon,kon,Kongo,iso639_3
koo,koo,Konzo,iso639_3
kop,kop,Waube,iso639_3
koq,koq,Kota (Gabon),iso639_3
kor,kor,Korean,iso639_3
kos,kos,Kosraean,iso639_3
kot,kot,Lagwan,iso639_3
kou,kou,Koke,iso639_3
kov,kov,Kudu-Camo,iso639_3
kow,kow,Kugama,iso639_3
koy,koy,Koyukon,iso639_3
koz,koz,Korak,iso639_3
kpa,kpa,Kutto,iso639_3
kpb,kpb,Mullu Kurumba,iso639_3
kpc,kpc,Curripaco,iso639_3
kpd,kpd,Koba,iso639_3
kpe,kpe,Kpelle,iso639_3
kpf,kpf,Komba,iso639_3
kpg,kpg,Kapingamarangi,iso639_3
kph,kph,Kplang,iso639_3
kpi,kpi,Kofei,iso639_3
kpj,kpj,Karajá,iso639_3
kpk,kpk,Kpan,iso639_3
kpl,kpl,Kpala,iso639_3
kpm,kpm,Koho,iso639_3
kpn,kpn,Kepkiriwát,iso639_3
kpo,kpo,Ikposo,iso639_3
kpq,kpq,Korupun-Sela,iso639_3
kpr,kpr,Korafe-Yegha,iso639_3
kps,kps,Tehit,iso639_3
kpt,kpt,Karata,iso639_3
kpu,kpu,Kafoa,iso639_3
kpv,kpv,Komi-Zyrian,iso639_3
kpw,kpw,Kobon,iso639_3
kpx,kpx,Mountain Koiali,iso639_3
kpy,kpy,Koryak,iso639_3
kpz,kpz,Kupsabiny,iso639_3
kqa,kqa,Mum,iso639_3
kqb,kqb,Kovai,iso639_3
kqc,kqc,Doromu-Koki,iso639_3
kqd,kqd,Koy Sanjaq Surat,iso639_3
kqe,kqe,Kalagan,iso639_3
kqf,kqf,Kakabai,iso639_3
kqg,kqg,Khe,iso639_3
kqh,kqh,Kisankasa,iso639_3
kqi,kqi,Koitabu,iso639_3
kqj,kqj,Koromira,iso639_3
kqk,kqk,Kotafon Gbe,iso639_3
kql,kql,Kyenele,iso639_3
kqm,kqm,Khisa,iso639_3
kqn,kqn,Kaonde,iso639_3
kqo,kqo,Eastern Krahn,iso639_3
kqp,kqp,Kimré,iso639_3
kqq,kqq,Krenak,iso639_3
kqr,kqr,Kimaragang,iso639_3
kqs,kqs,Northern Kissi,iso639_3
kqt,kqt,Klias River Kadazan,iso639_3
kqu,kqu,Seroa,iso639_3
kqv,kqv,Okolod,iso639_3
kqw,kqw,Kandas,iso639_3
kqx,kqx,Mser,iso639_3
kqy,kqy,Koorete,iso639_3
kqz,kqz,Korana,iso639_3
kra,kra,Kumhali,iso639_3
krb,krb,Karkin,iso639_3
krc,krc,Karachay-Balkar,iso639_3
krd,krd,Kairui-Midiki,iso639_3
kre,kre,Panará,iso639_3
krf,krf,Koro (Vanuatu),iso639_3
krh,krh,Kurama,iso639_3
kri,kri,Krio,iso639_3
krj,krj,Kinaray-A,iso639_3
krk,krk,Kerek,iso639_3
krl,krl,Karelian,iso639_3
krn,krn,Sapo,iso639_3
kro,kro,Kru languages,iso639_5_collection
krp,krp,Korop,iso639_3
krr,krr,Krung,iso639_3
krs,krs,Gbaya (Sudan),iso639_3
krt,krt,Tumari Kanuri,iso639_3
kru,kru,Kurukh,iso639_3
krv,krv,Kavet,iso639_3
krw,krw,Western Krahn,iso639_3
krx,krx,Karon,iso639_3
kry,kry,Kryts,iso639_3
krz,krz,Sota Kanum,iso639_3
ksa,ksa,Shuwa-Zamani,iso639_3
ksb,ksb,Shambala,iso639_3
ksc,ksc,Southern Kalinga,iso639_3
ksd,ksd,Kuanua,iso639_3
kse,kse,Kuni,iso639_3
ksf,ksf,Bafia,iso639_3
ksg,ksg,Kusaghe,iso639_3
ksh,ksh,Kölsch,iso639_3
ksi,ksi,Krisa,iso639_3
ksj,ksj,Uare,iso639_3
ksk,ksk,Kansa,iso639_3
ksl,ksl,Kumalu,iso639_3
ksm,ksm,Kumba,iso639_3
ksn,ksn,Kasiguranin,iso639_3
kso,kso,Kofa,iso639_3
ksp,ksp,Kaba,iso639_3
ksq,ksq,Kwaami,iso639_3
ksr,ksr,Borong,iso639_3
kss,kss,Southern Kisi,iso639_3
kst,kst,Winyé,iso639_3
ksu,ksu,Khamyang,iso639_3
ksv,ksv,Kusu,iso639_3
ksw,ksw,S'gaw Karen,iso639_3
ksx,ksx,Kedang,iso639_3
ksy,ksy,Kharia Thar,iso639_3
ksz,ksz,Kodaku,iso639_3
kta,kta,Katua,iso639_3
ktb,ktb,Kambaata,iso639_3
ktc,ktc,Kholok,iso639_3
ktd,ktd,Kokata,iso639_3
kte,kte,Nubri,iso639_3
ktf,ktf,Kwami,iso639_3
ktg,ktg,Kalkutung,iso639_3
kth,kth,Karanga,iso639_3
kti,kti,North Muyu,iso639_3
ktj,ktj,Plapo Krumen,iso639_3
ktk,ktk,Kaniet,iso639_3
ktl,ktl,Koroshi,iso639_3
ktm,ktm,Kurti,iso639_3
ktn,ktn,Karitiâna,iso639_3
kto,kto,Kuot,iso639_3
ktp,ktp,Kaduo,iso639_3
ktq,ktq,Katabaga,iso639_3
kts,kts,South Muyu,iso639_3
ktt,ktt,Ketum,iso639_3
ktu,ktu,Kituba (Democratic Republic of Congo),iso639_3
ktv,ktv,Eastern Katu,iso639_3
ktw,ktw,Kato,iso639_3
ktx,ktx,Kaxararí,iso639_3
kty,kty,Kango (Bas-Uélé District),iso639_3
ktz,ktz,Juǀʼhoan,iso639_3
kua,kua,Kuanyama,iso639_3
kub,kub,Kutep,iso639_3
kuc,kuc,Kwinsu,iso639_3
kud,kud,'Auhelawa,iso639_3
kue,kue,Kuman (Papua New Guinea),iso639_3
kuf,kuf,Western Katu,iso639_3
kug,kug,Kupa,iso639_3
kuh,kuh,Kushi,iso639_3
kui,kui,Kuikúro-Kalapálo,iso639_3
kuj,kuj,Kuria,iso639_3
kuk,kuk,Kepo',iso639_3
kul,kul,Kulere,iso639_3
kum,kum,Kumyk,iso639_3
kun,kun,Kunama,iso639_3
kuo,kuo,Kumukio,iso639_3
kup,kup,Kunimaipa,iso639_3
kuq,kuq,Karipuna,iso639_3
kur,kur,Kurdish,iso639_3
kus,kus,Kusaal,iso639_3
kut,kut,Kutenai,iso639_3
kuu,kuu,Upper Kuskokwim,iso639_3
kuv,kuv,Kur,iso639_3
kuw,kuw,Kpagua,iso639_3
kux,kux,Kukatja,iso639_3
kuy,kuy,Kuuku-Ya'u,iso639_3
kuz,kuz,Kunza,iso639_3
kva,kva,Bagvalal,iso639_3
kvb,kvb,Kubu,iso639_3
kvc,kvc,Kove,iso639_3
kvd,kvd,Kui (Indonesia),iso639_3
kve,kve,Kalabakan,iso639_3
kvf,kvf,Kabalai,iso639_3
kvg,kvg,Kuni-Boazi,iso639_3
kvh,kvh,Komodo,iso639_3
kvi,kvi,Kwang,iso639_3
kvj,kvj,Psikye,iso639_3
kvk,kvk,Korean Sign Language,iso639_3
kvl,kvl,Kayaw,iso639_3
kvm,kvm,Kendem,iso639_3
kvn,kvn,Border Kuna,iso639_3
kvo,kvo,Dobel,iso639_3
kvp,kvp,Kompane,iso639_3
kvq,kvq,Geba Karen,iso639_3
kvr,kvr,Kerinci,iso639_3
kvt,kvt,Lahta Karen,iso639_3
kvu,kvu,Yinbaw Karen,iso639_3
kvv,kvv,Kola,iso639_3
kvw,kvw,Wersing,iso639_3
kvx,kvx,Parkari Koli,iso639_3
kvy,kvy,Yintale Karen,iso639_3
kvz,kvz,Tsakwambo,iso639_3
kwa,kwa,Dâw,iso639_3
kwb,kwb,Kwa,iso639_3
kwc,kwc,Likwala,iso639_3
kwd,kwd,Kwaio,iso639_3
kwe,kwe,Kwerba,iso639_3
kwf,kwf,Kwara'ae,iso639_3
kwg,kwg,Sara Kaba Deme,iso639_3
kwh,kwh,Kowiai,iso639_3
kwi,kwi,Awa-Cuaiquer,iso639_3
kwj,kwj,Kwanga,iso639_3
kwk,kwk,Kwakiutl,iso639_3
kwl,kwl,Kofyar,iso639_3
kwm,kwm,Kwambi,iso639_3
kwn,kwn,Kwangali,iso639_3
kwo,kwo,Kwomtari,iso639_3
kwp,kwp,Kodia,iso639_3
kwr,kwr,Kwer,iso639_3
kws,kws,Kwese,iso639_3
kwt,kwt,Kwesten,iso639_3
kwu,kwu,Kwakum,iso639_3
kwv,kwv,Sara Kaba Náà,iso639_3
kww,kww,Kwinti,iso639_3
kwx,kwx,Khirwar,iso639_3
kwy,kwy,San Salvador Kongo,iso639_3
kwz,kwz,Kwadi,iso639_3
kxa,kxa,Kairiru,iso639_3
kxb,kxb,Krobu,iso639_3
kxc,kxc,Konso,iso639_3
kxd,kxd,Brunei,iso639_3
kxf,kxf,Manumanaw Karen,iso639_3
kxh,kxh,Karo (Ethiopia),iso639_3
kxi,kxi,Keningau Murut,iso639_3
kxj,kxj,Kulfa,iso639_3
kxk,kxk,Zayein Karen,iso639_3
kxm,kxm,Northern Khmer,iso639_3
kxn,kxn,Kanowit-Tanjong Melanau,iso639_3
kxo,kxo,Kanoé,iso639_3
kxp,kxp,Wadiyara Koli,iso639_3
kxq,kxq,Smärky Kanum,iso639_3
kxr,kxr,Koro (Papua New Guinea),iso639_3
kxs,kxs,Kangjia,iso639_3
kxt,kxt,Koiwat,iso639_3
kxv,kxv,Kuvi,iso639_3
kxw,kxw,Konai,iso639_3
kxx,kxx,Likuba,iso639_3
kxy,kxy,Kayong,iso639_3
kxz,kxz,Kerewo,iso639_3
kya,kya,Kwaya,iso639_3
kyb,kyb,Butbut Kalinga,iso639_3
kyc,kyc,Kyaka,iso639_3
kyd,kyd,Karey,iso639_3
kye,kye,Krache,iso639_3
kyf,kyf,Kouya,iso639_3
kyg,kyg,Keyagana,iso639_3
kyh,kyh,Karok,iso639_3
kyi,kyi,Kiput,iso639_3
kyj,kyj,Karao,iso639_3
kyk,kyk,Kamayo,iso639_3
kyl,kyl,Kalapuya,iso639_3
kym,kym,Kpatili,iso639_3
kyn,kyn,Northern Binukidnon,iso639_3
kyo,kyo,Kelon,iso639_3
kyp,kyp,Kang,iso639_3
kyq,kyq,Kenga,iso639_3
kyr,kyr,Kuruáya,iso639_3
kys,kys,Baram Kayan,iso639_3
kyt,kyt,Kayagar,iso639_3
kyu,kyu,Western Kayah,iso639_3
kyv,kyv,Kayort,iso639_3
kyw,kyw,Kudmali,iso639_3
kyx,kyx,Rapoisi,iso639_3
kyy,kyy,Kambaira,iso639_3
kyz,kyz,Kayabí,iso639_3
kza,kza,Western Karaboro,iso639_3
kzb,kzb,Kaibobo,iso639_3
kzc,kzc,Bondoukou Kulango,iso639_3
kzd,kzd,Kadai,iso639_3
kze,kze,Kosena,iso639_3
kzf,kzf,Da'a Kaili,iso639_3
kzg,kzg,Kikai,iso639_3
kzi,kzi,Kelabit,iso639_3
kzk,kzk,Kazukuru,iso639_3
kzl,kzl,Kayeli,iso639_3
kzm,kzm,Kais,iso639_3
kzn,kzn,Kokola,iso639_3
kzo,kzo,Kaningi,iso639_3
kzp,kzp,Kaidipang,iso639_3
kzq,kzq,Kaike,iso639_3
kzr,kzr,Karang,iso639_3
kzs,kzs,Sugut Dusun,iso639_3
kzu,kzu,Kayupulau,iso639_3
kzv,kzv,Komyandaret,iso639_3
kzw,kzw,Karirí-Xocó,iso639_3
kzx,kzx,Kamarian,iso639_3
kzy,kzy,Kango (Tshopo District),iso639_3
kzz,kzz,Kalabra,iso639_3
laa,laa,Southern Subanen,iso639_3
lab,lab,Linear A,iso639_3
lac,lac,Lacandon,iso639_3
lad,lad,Ladino,iso639_3
lae,lae,Pattani,iso639_3
laf,laf,Lafofa,iso639_3
lag,lag,Langi,iso639_3
lah,lah,Lahnda,iso639_3
lai,lai,Lambya,iso639_3
laj,laj,Lango (Uganda),iso639_3
lal,lal,Lalia,iso639_3
lam,lam,Lamba,iso639_3
lan,lan,Laru,iso639_3
lao,lao,Lao,iso639_3
lap,lap,Laka (Chad),iso639_3
laq,laq,Qabiao,iso639_3
lar,lar,Larteh,iso639_3
las,las,Lama (Togo),iso639_3
lat,lat,Latin,iso639_3
lau,lau,Laba,iso639_3
lav,lav,Latvian,iso639_3
law,law,Lauje,iso639_3
lax,lax,Tiwa,iso639_3
lay,lay,Lama Bai,iso639_3
laz,laz,Aribwatsa,iso639_3
lbb,lbb,Label,iso639_3
lbc,lbc,Lakkia,iso639_3
lbe,lbe,Lak,iso639_3
lbf,lbf,Tinani,iso639_3
lbg,lbg,Laopang,iso639_3
lbi,lbi,La'bi,iso639_3
lbj,lbj,Ladakhi,iso639_3
lbk,lbk,Central Bontok,iso639_3
lbl,lbl,Libon Bikol,iso639_3
lbm,lbm,Lodhi,iso639_3
lbn,lbn,Rmeet,iso639_3
lbo,lbo,Laven,iso639_3
lbq,lbq,Wampar,iso639_3
lbr,lbr,Lohorung,iso639_3
lbs,lbs,Libyan Sign Language,iso639_3
lbt,lbt,Lachi,iso639_3
lbu,lbu,Labu,iso639_3
lbv,lbv,Lavatbura-Lamusong,iso639_3
lbw,lbw,Tolaki,iso639_3
lbx,lbx,Lawangan,iso639_3
lby,lby,Lamalama,iso639_3
lbz,lbz,Lardil,iso639_3
lcc,lcc,Legenyem,iso639_3
lcd,lcd,Lola,iso639_3
lce,lce,Loncong,iso639_3
lcf,lcf,Lubu,iso639_3
lch,lch,Luchazi,iso639_3
lcl,lcl,Lisela,iso639_3
lcm,lcm,Tungag,iso639_3
lcp,lcp,Western Lawa,iso639_3
lcq,lcq,Luhu,iso639_3
lcs,lcs,Lisabata-Nuniali,iso639_3
lda,lda,Kla-Dan,iso639_3
ldb,ldb,Dũya,iso639_3
ldd,ldd,Luri,iso639_3
ldg,ldg,Lenyima,iso639_3
ldh,ldh,Lamja-Dengsa-Tola,iso639_3
ldi,ldi,Laari,iso639_3
ldj,ldj,Lemoro,iso639_3
ldk,ldk,Leelau,iso639_3
ldl,ldl,Kaan,iso639_3
ldm,ldm,Landoma,iso639_3
ldn,ldn,Láadan,iso639_3
ldo,ldo,Loo,iso639_3
ldp,ldp,Tso,iso639_3
ldq,ldq,Lufu,iso639_3
lea,lea,Lega-Shabunda,iso639_3
leb,leb,Lala-Bisa,iso639_3
lec,lec,Leco,iso639_3
led,led,Lendu,iso639_3
lee,lee,Lyélé,iso639_3
lef,lef,Lelemi,iso639_3
leh,leh,Lenje,iso639_3
lei,lei,Lemio,iso639_3
lej,lej,Lengola,iso639_3
lek,lek,Leipon,iso639_3
lel,lel,Lele (Democratic Republic of Congo),iso639_3
lem,lem,Nomaande,iso639_3
len,len,Lenca,iso639_3
leo,leo,Leti (Cameroon),iso639_3
lep,lep,Lepcha,iso639_3
leq,leq,Lembena,iso639_3
ler,ler,Lenkau,iso639_3
les,les,Lese,iso639_3
let,let,Lesing-Gelimi,iso639_3
leu,leu,Kara (Papua New Guinea),iso639_3
lev,lev,Lamma,iso639_3
lew,lew,Ledo Kaili,iso639_3
lex,lex,Luang,iso639_3
ley,ley,Lemolang,iso639_3
lez,lez,Lezghian,iso639_3
lfa,lfa,Lefa,iso639_3
lfn,lfn,Lingua Franca Nova,iso639_3
lga,lga,Lungga,iso639_3
lgb,lgb,Laghu,iso639_3
lgg,lgg,Lugbara,iso639_3
lgh,lgh,Laghuu,iso639_3
lgi,lgi,Lengilu,iso639_3
lgk,lgk,Lingarak,iso639_3
lgl,lgl,Wala,iso639_3
lgm,lgm,Lega-Mwenga,iso639_3
lgn,lgn,T'apo,iso639_3
lgo,lgo,Lango (South Sudan),iso639_3
lgq,lgq,Logba,iso639_3
lgr,lgr,Lengo,iso639_3
lgt,lgt,Pahi,iso639_3
lgu,lgu,Longgu,iso639_3
lgz,lgz,Ligenza,iso639_3
lha,lha,Laha (Viet Nam),iso639_3
lhh,lhh,Laha (Indonesia),iso639_3
lhi,lhi,Lahu Shi,iso639_3
lhl,lhl,Lahul Lohar,iso639_3
lhm,lhm,Lhomi,iso639_3
lhn,lhn,Lahanan,iso639_3
lhp,lhp,Lhokpu,iso639_3
lhs,lhs,Mlahsö,iso639_3
lht,lht,Lo-Toga,iso639_3
lhu,lhu,Lahu,iso639_3
lia,lia,West-Central Limba,iso639_3
lib,lib,Likum,iso639_3
lic,lic,Hlai,iso639_3
lid,lid,Nyindrou,iso639_3
lie,lie,Likila,iso639_3
lif,lif,Limbu,iso639_3
lig,lig,Ligbi,iso639_3
lih,lih,Lihir,iso639_3
lij,lij,Ligurian,iso639_3
lik,lik,Lika,iso639_3
lil,lil,Lillooet,iso639_3
lim,lim,Limburgan,iso639_3
lin,lin,Lingala,iso639_3
lio,lio,Liki,iso639_3
lip,lip,Sekpele,iso639_3
liq,liq,Libido,iso639_3
lir,lir,Liberian English,iso639_3
lis,lis,Lisu,iso639_3
lit,lit,Lithuanian,iso639_3
liu,liu,Logorik,iso639_3
liv,liv,Liv,iso639_3
liw,liw,Col,iso639_3
lix,lix,Liabuku,iso639_3
liy,liy,Banda-Bambari,iso639_3
liz,liz,Libinza,iso639_3
lja,lja,Golpa,iso639_3
lje,lje,Rampi,iso639_3
lji,lji,Laiyolo,iso639_3
ljl,ljl,Li'o,iso639_3
ljp,ljp,Lampung Api,iso639_3
ljw,ljw,Yirandali,iso639_3
ljx,ljx,Yuru,iso639_3
lka,lka,Lakalei,iso639_3
lkb,lkb,Kabras,iso639_3
lkc,lkc,Kucong,iso639_3
lkd,lkd,Lakondê,iso639_3
lke,lke,Kenyi,iso639_3
lkh,lkh,Lakha,iso639_3
lki,lki,Laki,iso639_3
lkj,lkj,Remun,iso639_3
lkl,lkl,Laeko-Libuat,iso639_3
lkm,lkm,Kalaamaya,iso639_3
lkn,lkn,Lakon,iso639_3
lko,lko,Khayo,iso639_3
lkr,lkr,Päri,iso639_3
lks,lks,Kisa,iso639_3
lkt,lkt,Lakota,iso639_3
lku,lku,Kungkari,iso639_3
lky,lky,Lokoya,iso639_3
lla,lla,Lala-Roba,iso639_3
llb,llb,Lolo,iso639_3
llc,llc,Lele (Guinea),iso639_3
lld,lld,Ladin,iso639_3
lle,lle,Lele (Papua New Guinea),iso639_3
llf,llf,Hermit,iso639_3
llg,llg,Lole,iso639_3
llh,llh,Lamu,iso639_3
lli,lli,Teke-Laali,iso639_3
llj,llj,Ladji Ladji,iso639_3
llk,llk,Lelak,iso639_3
lll,lll,Lilau,iso639_3
llm,llm,Lasalimu,iso639_3
lln,lln,Lele (Chad),iso639_3
llp,llp,North Efate,iso639_3
llq,llq,Lolak,iso639_3
lls,lls,Lithuanian Sign Language,iso639_3
llu,llu,Lau,iso639_3
llx,llx,Lauan,iso639_3
lma,lma,East Limba,iso639_3
lmb,lmb,Merei,iso639_3
lmc,lmc,Limilngan,iso639_3
lmd,lmd,Lumun,iso639_3
lme,lme,Pévé,iso639_3
lmf,lmf,South Lembata,iso639_3
lmg,lmg,Lamogai,iso639_3
lmh,lmh,Lambichhong,iso639_3
lmi,lmi,Lombi,iso639_3
lmj,lmj,West Lembata,iso639_3
lmk,lmk,Lamkang,iso639_3
lml,lml,Hano,iso639_3
lmn,lmn,Lambadi,iso639_3
lmo,lmo,Lombard,iso639_3
lmp,lmp,Limbum,iso639_3
lmq,lmq,Lamatuka,iso639_3
lmr,lmr,Lamalera,iso639_3
lmu,lmu,Lamenu,iso639_3
lmv,lmv,Lomaiviti,iso639_3
lmw,lmw,Lake Miwok,iso639_3
lmx,lmx,Laimbue,iso639_3
lmy,lmy,Lamboya,iso639_3
lna,lna,Langbashe,iso639_3
lnb,lnb,Mbalanhu,iso639_3
lnd,lnd,Lundayeh,iso639_3
lng,lng,Langobardic,iso639_3
lnh,lnh,Lanoh,iso639_3
lni,lni,Daantanai',iso639_3
lnj,lnj,Leningitij,iso639_3
lnl,lnl,South Central Banda,iso639_3
lnm,lnm,Langam,iso639_3
lnn,lnn,Lorediakarkar,iso639_3
lns,lns,Lamnso',iso639_3
lnu,lnu,Longuda,iso639_3
lnw,lnw,Lanima,iso639_3
lnz,lnz,Lonzo,iso639_3
loa,loa,Loloda,iso639_3
lob,lob,Lobi,iso639_3
loc,loc,Inonhan,iso639_3
loe,loe,Saluan,iso639_3
lof,lof,Logol,iso639_3
log,log,Logo,iso639_3
loh,loh,Narim,iso639_3
loi,loi,Loma (Côte d'Ivoire),iso639_3
loj,loj,Lou,iso639_3
lok,lok,Loko,iso639_3
lol,lol,Mongo,iso639_3
lom,lom,Loma (Liberia),iso639_3
lon,lon,Malawi Lomwe,iso639_3
loo,loo,Lombo,iso639_3
lop,lop,Lopa,iso639_3
loq,loq,Lobala,iso639_3
lor,lor,Téén,iso639_3
los,los,Loniu,iso639_3
lot,lot,Otuho,iso639_3
lou,lou,Louisiana Creole,iso639_3
lov,lov,Lopi,iso639_3
low,low,Tampias Lobu,iso639_3
lox,lox,Loun,iso639_3
loy,loy,Loke,iso639_3
loz,loz,Lozi,iso639_3
lpa,lpa,Lelepa,iso639_3
lpe,lpe,Lepki,iso639_3
lpn,lpn,Long Phuri Naga,iso639_3
lpo,lpo,Lipo,iso639_3
lpx,lpx,Lopit,iso639_3
lqr,lqr,Logir,iso639_3
lra,lra,Rara Bakati',iso639_3
lrc,lrc,Northern Luri,iso639_3
lre,lre,Laurentian,iso639_3
lrg,lrg,Laragia,iso639_3
lri,lri,Marachi,iso639_3
lrk,lrk,Loarki,iso639_3
lrl,lrl,Lari,iso639_3
lrm,lrm,Marama,iso639_3
lrn,lrn,Lorang,iso639_3
lro,lro,Laro,iso639_3
lrr,lrr,Southern Yamphu,iso639_3
lrt,lrt,Larantuka Malay,iso639_3
lrv,lrv,Larevat,iso639_3
lrz,lrz,Lemerig,iso639_3
lsa,lsa,Lasgerdi,iso639_3
lsb,lsb,Burundian Sign Language,iso639_3
lsc,lsc,Albarradas Sign Language,iso639_3
lsd,lsd,Lishana Deni,iso639_3
lse,lse,Lusengo,iso639_3
lsh,lsh,Lish,iso639_3
lsi,lsi,Lashi,iso639_3
lsl,lsl,Latvian Sign Language,iso639_3
lsm,lsm,Saamia,iso639_3
lsn,lsn,Tibetan Sign Language,iso639_3
lso,lso,Laos Sign Language,iso639_3
lsp,lsp,Panamanian Sign Language,iso639_3
lsr,lsr,Aruop,iso639_3
lss,lss,Lasi,iso639_3
lst,lst,Trinidad and Tobago Sign Language,iso639_3
lsv,lsv,Sivia Sign Language,iso639_3
lsw,lsw,Seychelles Sign Language,iso639_3
lsy,lsy,Mauritian Sign Language,iso639_3
ltc,ltc,Late Middle Chinese,iso639_3
ltg,ltg,Latgalian,iso639_3
lth,lth,Thur,iso639_3
lti,lti,Leti (Indonesia),iso639_3
ltn,ltn,Latundê,iso639_3
lto,lto,Tsotso,iso639_3
lts,lts,Tachoni,iso639_3
ltu,ltu,Latu,iso639_3
ltz,ltz,Luxembourgish,iso639_3
lua,lua,Luba-Lulua,iso639_3
lub,lub,Luba-Katanga,iso639_3
luc,luc,Aringa,iso639_3
lud,lud,Ludian,iso639_3
lue,lue,Luvale,iso639_3
luf,luf,Laua,iso639_3
lug,lug,Ganda,iso639_3
lui,lui,Luiseno,iso639_3
luj,luj,Luna,iso639_3
luk,luk,Lunanakha,iso639_3
lul,lul,Olu'bo,iso639_3
lum,lum,Luimbi,iso639_3
lun,lun,Lunda,iso639_3
luo,luo,Luo (Kenya and Tanzania),iso639_3
lup,lup,Lumbu,iso639_3
luq,luq,Lucumi,iso639_3
lur,lur,Laura,iso639_3
lus,lus,Lushai,iso639_3
lut,lut,Lushootseed,iso639_3
luu,luu,Lumba-Yakkha,iso639_3
luv,luv,Luwati,iso639_3
luw,luw,Luo (Cameroon),iso639_3
luy,luy,Luyia,iso639_3
luz,luz,Southern Luri,iso639_3
lva,lva,Maku'a,iso639_3
lvi,lvi,Lavi,iso639_3
lvk,lvk,Lavukaleve,iso639_3
lvs,lvs,Standard Latvian,iso639_3
lvu,lvu,Levuka,iso639_3
lwa,lwa,Lwalu,iso639_3
lwe,lwe,Lewo Eleng,iso639_3
lwg,lwg,Wanga,iso639_3
lwh,lwh,White Lachi,iso639_3
lwl,lwl,Eastern Lawa,iso639_3
lwm,lwm,Laomian,iso639_3
lwo,lwo,Luwo,iso639_3
lws,lws,Malawian Sign Language,iso639_3
lwt,lwt,Lewotobi,iso639_3
lwu,lwu,Lawu,iso639_3
lww,lww,Lewo,iso639_3
lxm,lxm,Lakurumau,iso639_3
lya,lya,Layakha,iso639_3
lyg,lyg,Lyngngam,iso639_3
lyn,lyn,Luyana,iso639_3
lzh,lzh,Literary Chinese,iso639_3
lzl,lzl,Litzlitz,iso639_3
lzn,lzn,Leinong Naga,iso639_3
lzz,lzz,Laz,iso639_3
maa,maa,San Jerónimo Tecóatl Mazatec,iso639_3
mab,mab,Yutanduchi Mixtec,iso639_3
mac,mkd,Macedonian,iso639_2_bibliographic_alias
mad,mad,Madurese,iso639_3
mae,mae,Bo-Rukul,iso639_3
maf,maf,Mafa,iso639_3
mag,mag,Magahi,iso639_3
mah,mah,Marshallese,iso639_3
mai,mai,Maithili,iso639_3
maj,maj,Jalapa De Díaz Mazatec,iso639_3
mak,mak,Makasar,iso639_3
mal,mal,Malayalam,iso639_3
mam,mam,Mam,iso639_3
man,man,Mandingo,iso639_3
mao,mri,Maori,iso639_2_bibliographic_alias
map,map,Austronesian languages,iso639_5_collection
maq,maq,Chiquihuitlán Mazatec,iso639_3
mar,mar,Marathi,iso639_3
mas,mas,Masai,iso639_3
mat,mat,San Francisco Matlatzinca,iso639_3
mau,mau,Huautla Mazatec,iso639_3
mav,mav,Sateré-Mawé,iso639_3
maw,maw,Mampruli,iso639_3
max,max,North Moluccan Malay,iso639_3
may,msa,Malay (macrolanguage),iso639_2_bibliographic_alias
maz,maz,Central Mazahua,iso639_3
mba,mba,Higaonon,iso639_3
mbb,mbb,Western Bukidnon Manobo,iso639_3
mbc,mbc,Macushi,iso639_3
mbd,mbd,Dibabawon Manobo,iso639_3
mbe,mbe,Molale,iso639_3
mbf,mbf,Baba Malay,iso639_3
mbh,mbh,Mangseng,iso639_3
mbi,mbi,Ilianen Manobo,iso639_3
mbj,mbj,Nadëb,iso639_3
mbk,mbk,Malol,iso639_3
mbl,mbl,Maxakalí,iso639_3
mbm,mbm,Ombamba,iso639_3
mbn,mbn,Macaguán,iso639_3
mbo,mbo,Mbo (Cameroon),iso639_3
mbp,mbp,Malayo,iso639_3
mbq,mbq,Maisin,iso639_3
mbr,mbr,Nukak Makú,iso639_3
mbs,mbs,Sarangani Manobo,iso639_3
mbt,mbt,Matigsalug Manobo,iso639_3
mbu,mbu,Mbula-Bwazza,iso639_3
mbv,mbv,Mbulungish,iso639_3
mbw,mbw,Maring,iso639_3
mbx,mbx,Mari (East Sepik Province),iso639_3
mby,mby,Memoni,iso639_3
mbz,mbz,Amoltepec Mixtec,iso639_3
mca,mca,Maca,iso639_3
mcb,mcb,Machiguenga,iso639_3
mcc,mcc,Bitur,iso639_3
mcd,mcd,Sharanahua,iso639_3
mce,mce,Itundujia Mixtec,iso639_3
mcf,mcf,Matsés,iso639_3
mcg,mcg,Mapoyo,iso639_3
mch,mch,Maquiritari,iso639_3
mci,mci,Mese,iso639_3
mcj,mcj,Mvanip,iso639_3
mck,mck,Mbunda,iso639_3
mcl,mcl,Macaguaje,iso639_3
mcm,mcm,Malaccan Creole Portuguese,iso639_3
mcn,mcn,Masana,iso639_3
mco,mco,Coatlán Mixe,iso639_3
mcp,mcp,Makaa,iso639_3
mcq,mcq,Ese,iso639_3
mcr,mcr,Menya,iso639_3
mcs,mcs,Mambai,iso639_3
mct,mct,Mengisa,iso639_3
mcu,mcu,Cameroon Mambila,iso639_3
mcv,mcv,Minanibai,iso639_3
mcw,mcw,Mawa (Chad),iso639_3
mcx,mcx,Mpiemo,iso639_3
mcy,mcy,South Watut,iso639_3
mcz,mcz,Mawan,iso639_3
mda,mda,Mada (Nigeria),iso639_3
mdb,mdb,Morigi,iso639_3
mdc,mdc,Male (Papua New Guinea),iso639_3
mdd,mdd,Mbum,iso639_3
mde,mde,Maba (Chad),iso639_3
mdf,mdf,Moksha,iso639_3
mdg,mdg,Massalat,iso639_3
mdh,mdh,Maguindanaon,iso639_3
mdi,mdi,Mamvu,iso639_3
mdj,mdj,Mangbetu,iso639_3
mdk,mdk,Mangbutu,iso639_3
mdl,mdl,Maltese Sign Language,iso639_3
mdm,mdm,Mayogo,iso639_3
mdn,mdn,Mbati,iso639_3
mdp,mdp,Mbala,iso639_3
mdq,mdq,Mbole,iso639_3
mdr,mdr,Mandar,iso639_3
mds,mds,Maria (Papua New Guinea),iso639_3
mdt,mdt,Mbere,iso639_3
mdu,mdu,Mboko,iso639_3
mdv,mdv,Santa Lucía Monteverde Mixtec,iso639_3
mdw,mdw,Mbosi,iso639_3
mdx,mdx,Dizin,iso639_3
mdy,mdy,Male (Ethiopia),iso639_3
mdz,mdz,Suruí Do Pará,iso639_3
mea,mea,Menka,iso639_3
meb,meb,Ikobi,iso639_3
mec,mec,Marra,iso639_3
med,med,Melpa,iso639_3
mee,mee,Mengen,iso639_3
mef,mef,Megam,iso639_3
meh,meh,Southwestern Tlaxiaco Mixtec,iso639_3
mei,mei,Midob,iso639_3
mej,mej,Meyah,iso639_3
mek,mek,Mekeo,iso639_3
mel,mel,Central Melanau,iso639_3
mem,mem,Mangala,iso639_3
men,men,Mende (Sierra Leone),iso639_3
meo,meo,Kedah Malay,iso639_3
mep,mep,Miriwoong,iso639_3
meq,meq,Merey,iso639_3
mer,mer,Meru,iso639_3
mes,mes,Masmaje,iso639_3
met,met,Mato,iso639_3
meu,meu,Motu,iso639_3
mev,mev,Mano,iso639_3
mew,mew,Maaka,iso639_3
mey,mey,Hassaniyya,iso639_3
mez,mez,Menominee,iso639_3
mfa,mfa,Pattani Malay,iso639_3
mfb,mfb,Bangka,iso639_3
mfc,mfc,Mba,iso639_3
mfd,mfd,Mendankwe-Nkwen,iso639_3
mfe,mfe,Morisyen,iso639_3
mff,mff,Naki,iso639_3
mfg,mfg,Mogofin,iso639_3
mfh,mfh,Matal,iso639_3
mfi,mfi,Wandala,iso639_3
mfj,mfj,Mefele,iso639_3
mfk,mfk,North Mofu,iso639_3
mfl,mfl,Putai,iso639_3
mfm,mfm,Marghi South,iso639_3
mfn,mfn,Cross River Mbembe,iso639_3
mfo,mfo,Mbe,iso639_3
mfp,mfp,Makassar Malay,iso639_3
mfq,mfq,Moba,iso639_3
mfr,mfr,Marrithiyel,iso639_3
mfs,mfs,Mexican Sign Language,iso639_3
mft,mft,Mokerang,iso639_3
mfu,mfu,Mbwela,iso639_3
mfv,mfv,Mandjak,iso639_3
mfw,mfw,Mulaha,iso639_3
mfx,mfx,Melo,iso639_3
mfy,mfy,Mayo,iso639_3
mfz,mfz,Mabaan,iso639_3
mga,mga,Middle Irish (900-1200),iso639_3
mgb,mgb,Mararit,iso639_3
mgc,mgc,Morokodo,iso639_3
mgd,mgd,Moru,iso639_3
mge,mge,Mango,iso639_3
mgf,mgf,Maklew,iso639_3
mgg,mgg,Mpumpong,iso639_3
mgh,mgh,Makhuwa-Meetto,iso639_3
mgi,mgi,Lijili,iso639_3
mgj,mgj,Abureni,iso639_3
mgk,mgk,Mawes,iso639_3
mgl,mgl,Maleu-Kilenge,iso639_3
mgm,mgm,Mambae,iso639_3
mgn,mgn,Mbangi,iso639_3
mgo,mgo,Meta',iso639_3
mgp,mgp,Eastern Magar,iso639_3
mgq,mgq,Malila,iso639_3
mgr,mgr,Mambwe-Lungu,iso639_3
mgs,mgs,Manda (Tanzania),iso639_3
mgt,mgt,Mongol,iso639_3
mgu,mgu,Mailu,iso639_3
mgv,mgv,Matengo,iso639_3
mgw,mgw,Matumbi,iso639_3
mgy,mgy,Mbunga,iso639_3
mgz,mgz,Mbugwe,iso639_3
mha,mha,Manda (India),iso639_3
mhb,mhb,Mahongwe,iso639_3
mhc,mhc,Mocho,iso639_3
mhd,mhd,Mbugu,iso639_3
mhe,mhe,Besisi,iso639_3
mhf,mhf,Mamaa,iso639_3
mhg,mhg,Margu,iso639_3
mhi,mhi,Ma'di,iso639_3
mhj,mhj,Mogholi,iso639_3
mhk,mhk,Mungaka,iso639_3
mhl,mhl,Mauwake,iso639_3
mhm,mhm,Makhuwa-Moniga,iso639_3
mhn,mhn,Mócheno,iso639_3
mho,mho,Mashi (Zambia),iso639_3
mhp,mhp,Balinese Malay,iso639_3
mhq,mhq,Mandan,iso639_3
mhr,mhr,Eastern Mari,iso639_3
mhs,mhs,Buru (Indonesia),iso639_3
mht,mht,Mandahuaca,iso639_3
mhu,mhu,Digaro-Mishmi,iso639_3
mhw,mhw,Mbukushu,iso639_3
mhx,mhx,Maru,iso639_3
mhy,mhy,Ma'anyan,iso639_3
mhz,mhz,Mor (Mor Islands),iso639_3
mia,mia,Miami,iso639_3
mib,mib,Atatláhuca Mixtec,iso639_3
mic,mic,Mi'kmaq,iso639_3
mid,mid,Mandaic,iso639_3
mie,mie,Ocotepec Mixtec,iso639_3
mif,mif,Mofu-Gudur,iso639_3
mig,mig,San Miguel El Grande Mixtec,iso639_3
mih,mih,Chayuco Mixtec,iso639_3
mii,mii,Chigmecatitlán Mixtec,iso639_3
mij,mij,Abar,iso639_3
mik,mik,Mikasuki,iso639_3
mil,mil,Peñoles Mixtec,iso639_3
mim,mim,Alacatlatzala Mixtec,iso639_3
min,min,Minangkabau,iso639_3
mio,mio,Pinotepa Nacional Mixtec,iso639_3
mip,mip,Apasco-Apoala Mixtec,iso639_3
miq,miq,Mískito,iso639_3
mir,mir,Isthmus Mixe,iso639_3
mis,mis,Uncoded languages,iso639_3
mit,mit,Southern Puebla Mixtec,iso639_3
miu,miu,Cacaloxtepec Mixtec,iso639_3
miw,miw,Akoye,iso639_3
mix,mix,Mixtepec Mixtec,iso639_3
miy,miy,Ayutla Mixtec,iso639_3
miz,miz,Coatzospan Mixtec,iso639_3
mjb,mjb,Makalero,iso639_3
mjc,mjc,San Juan Colorado Mixtec,iso639_3
mjd,mjd,Northwest Maidu,iso639_3
mje,mje,Muskum,iso639_3
mjg,mjg,Tu,iso639_3
mjh,mjh,Mwera (Nyasa),iso639_3
mji,mji,Kim Mun,iso639_3
mjj,mjj,Mawak,iso639_3
mjk,mjk,Matukar,iso639_3
mjl,mjl,Mandeali,iso639_3
mjm,mjm,Medebur,iso639_3
mjn,mjn,Ma (Papua New Guinea),iso639_3
mjo,mjo,Malankuravan,iso639_3
mjp,mjp,Malapandaram,iso639_3
mjq,mjq,Malaryan,iso639_3
mjr,mjr,Malavedan,iso639_3
mjs,mjs,Miship,iso639_3
mjt,mjt,Sauria Paharia,iso639_3
mju,mju,Manna-Dora,iso639_3
mjv,mjv,Mannan,iso639_3
mjw,mjw,Karbi,iso639_3
mjx,mjx,Mahali,iso639_3
mjy,mjy,Mahican,iso639_3
mjz,mjz,Majhi,iso639_3
mka,mka,Mbre,iso639_3
mkb,mkb,Mal Paharia,iso639_3
mkc,mkc,Siliput,iso639_3
mkd,mkd,Macedonian,iso639_3
mke,mke,Mawchi,iso639_3
mkf,mkf,Miya,iso639_3
mkg,mkg,Mak (China),iso639_3
mkh,mkh,Mon-Khmer languages,iso639_5_collection
mki,mki,Dhatki,iso639_3
mkj,mkj,Mokilese,iso639_3
mkk,mkk,Byep,iso639_3
mkl,mkl,Mokole,iso639_3
mkm,mkm,Moklen,iso639_3
mkn,mkn,Kupang Malay,iso639_3
mko,mko,Mingang Doso,iso639_3
mkp,mkp,Moikodi,iso639_3
mkq,mkq,Bay Miwok,iso639_3
mkr,mkr,Malas,iso639_3
mks,mks,Silacayoapan Mixtec,iso639_3
mkt,mkt,Vamale,iso639_3
mku,mku,Konyanka Maninka,iso639_3
mkv,mkv,Mafea,iso639_3
mkw,mkw,Kituba (Congo),iso639_3
mkx,mkx,Kinamiging Manobo,iso639_3
mky,mky,East Makian,iso639_3
mkz,mkz,Makasae,iso639_3
mla,mla,Malo,iso639_3
mlb,mlb,Mbule,iso639_3
mlc,mlc,Cao Lan,iso639_3
mle,mle,Manambu,iso639_3
mlf,mlf,Mal,iso639_3
mlg,mlg,Malagasy,iso639_3
mlh,mlh,Mape,iso639_3
mli,mli,Malimpung,iso639_3
mlj,mlj,Miltu,iso639_3
mlk,mlk,Ilwana,iso639_3
mll,mll,Malua Bay,iso639_3
mlm,mlm,Mulam,iso639_3
mln,mln,Malango,iso639_3
mlo,mlo,Mlomp,iso639_3
mlp,mlp,Bargam,iso639_3
mlq,mlq,Western Maninkakan,iso639_3
mlr,mlr,Vame,iso639_3
mls,mls,Masalit,iso639_3
mlt,mlt,Maltese,iso639_3
mlu,mlu,To'abaita,iso639_3
mlv,mlv,Motlav,iso639_3
mlw,mlw,Moloko,iso639_3
mlx,mlx,Malfaxal,iso639_3
mlz,mlz,Malaynon,iso639_3
mma,mma,Mama,iso639_3
mmb,mmb,Momina,iso639_3
mmc,mmc,Michoacán Mazahua,iso639_3
mmd,mmd,Maonan,iso639_3
mme,mme,Mae,iso639_3
mmf,mmf,Mundat,iso639_3
mmg,mmg,North Ambrym,iso639_3
mmh,mmh,Mehináku,iso639_3
mmi,mmi,Musar,iso639_3
mmj,mmj,Majhwar,iso639_3
mmk,mmk,Mukha-Dora,iso639_3
mml,mml,Man Met,iso639_3
mmm,mmm,Maii,iso639_3
mmn,mmn,Mamanwa,iso639_3
mmo,mmo,Mangga Buang,iso639_3
mmp,mmp,Siawi,iso639_3
mmq,mmq,Musak,iso639_3
mmr,mmr,Western Xiangxi Miao,iso639_3
mmt,mmt,Malalamai,iso639_3
mmu,mmu,Mmaala,iso639_3
mmv,mmv,Miriti,iso639_3
mmw,mmw,Emae,iso639_3
mmx,mmx,Madak,iso639_3
mmy,mmy,Migaama,iso639_3
mmz,mmz,Mabaale,iso639_3
mna,mna,Mbula,iso639_3
mnb,mnb,Muna,iso639_3
mnc,mnc,Manchu,iso639_3
mnd,mnd,Mondé,iso639_3
mne,mne,Naba,iso639_3
mnf,mnf,Mundani,iso639_3
mng,mng,Eastern Mnong,iso639_3
mnh,mnh,Mono (Democratic Republic of Congo),iso639_3
mni,mni,Manipuri,iso639_3
mnj,mnj,Munji,iso639_3
mnk,mnk,Mandinka,iso639_3
mnl,mnl,Tiale,iso639_3
mnm,mnm,Mapena,iso639_3
mnn,mnn,Southern Mnong,iso639_3
mno,mno,Manobo languages,iso639_5_collection
mnp,mnp,Min Bei Chinese,iso639_3
mnq,mnq,Minriq,iso639_3
mnr,mnr,Mono (USA),iso639_3
mns,mns,Mansi,iso639_3
mnu,mnu,Mer,iso639_3
mnv,mnv,Rennell-Bellona,iso639_3
mnw,mnw,Mon,iso639_3
mnx,mnx,Manikion,iso639_3
mny,mny,Manyawa,iso639_3
mnz,mnz,Moni,iso639_3
moa,moa,Mwan,iso639_3
moc,moc,Mocoví,iso639_3
mod,mod,Mobilian,iso639_3
moe,moe,Innu,iso639_3
mog,mog,Mongondow,iso639_3
moh,moh,Mohawk,iso639_3
moi,moi,Mboi,iso639_3
moj,moj,Monzombo,iso639_3
mok,mok,Morori,iso639_3
mom,mom,Mangue,iso639_3
mon,mon,Mongolian,iso639_3
moo,moo,Monom,iso639_3
mop,mop,Mopán Maya,iso639_3
moq,moq,Mor (Bomberai Peninsula),iso639_3
mor,mor,Moro,iso639_3
mos,mos,Mossi,iso639_3
mot,mot,Barí,iso639_3
mou,mou,Mogum,iso639_3
mov,mov,Mohave,iso639_3
mow,mow,Moi (Congo),iso639_3
mox,mox,Molima,iso639_3
moy,moy,Shekkacho,iso639_3
moz,moz,Mukulu,iso639_3
mpa,mpa,Mpoto,iso639_3
mpb,mpb,Malak Malak,iso639_3
mpc,mpc,Mangarrayi,iso639_3
mpd,mpd,Machinere,iso639_3
mpe,mpe,Majang,iso639_3
mpg,mpg,Marba,iso639_3
mph,mph,Maung,iso639_3
mpi,mpi,Mpade,iso639_3
mpj,mpj,Martu Wangka,iso639_3
mpk,mpk,Mbara (Chad),iso639_3
mpl,mpl,Middle Watut,iso639_3
mpm,mpm,Yosondúa Mixtec,iso639_3
mpn,mpn,Mindiri,iso639_3
mpo,mpo,Miu,iso639_3
mpp,mpp,Migabac,iso639_3
mpq,mpq,Matís,iso639_3
mpr,mpr,Vangunu,iso639_3
mps,mps,Dadibi,iso639_3
mpt,mpt,Mian,iso639_3
mpu,mpu,Makuráp,iso639_3
mpv,mpv,Mungkip,iso639_3
mpw,mpw,Mapidian,iso639_3
mpx,mpx,Misima-Panaeati,iso639_3
mpy,mpy,Mapia,iso639_3
mpz,mpz,Mpi,iso639_3
mqa,mqa,Maba (Indonesia),iso639_3
mqb,mqb,Mbuko,iso639_3
mqc,mqc,Mangole,iso639_3
mqe,mqe,Matepi,iso639_3
mqf,mqf,Momuna,iso639_3
mqg,mqg,Kota Bangun Kutai Malay,iso639_3
mqh,mqh,Tlazoyaltepec Mixtec,iso639_3
mqi,mqi,Mariri,iso639_3
mqj,mqj,Mamasa,iso639_3
mqk,mqk,Rajah Kabunsuwan Manobo,iso639_3
mql,mql,Mbelime,iso639_3
mqm,mqm,South Marquesan,iso639_3
mqn,mqn,Moronene,iso639_3
mqo,mqo,Modole,iso639_3
mqp,mqp,Manipa,iso639_3
mqq,mqq,Minokok,iso639_3
mqr,mqr,Mander,iso639_3
mqs,mqs,West Makian,iso639_3
mqt,mqt,Mok,iso639_3
mqu,mqu,Mandari,iso639_3
mqv,mqv,Mosimo,iso639_3
mqw,mqw,Murupi,iso639_3
mqx,mqx,Mamuju,iso639_3
mqy,mqy,Manggarai,iso639_3
mqz,mqz,Pano,iso639_3
mra,mra,Mlabri,iso639_3
mrb,mrb,Marino,iso639_3
mrc,mrc,Maricopa,iso639_3
mrd,mrd,Western Magar,iso639_3
mre,mre,Martha's Vineyard Sign Language,iso639_3
mrf,mrf,Elseng,iso639_3
mrg,mrg,Mising,iso639_3
mrh,mrh,Mara Chin,iso639_3
mri,mri,Maori,iso639_3
mrj,mrj,Western Mari,iso639_3
mrk,mrk,Hmwaveke,iso639_3
mrl,mrl,Mortlockese,iso639_3
mrm,mrm,Merlav,iso639_3
mrn,mrn,Cheke Holo,iso639_3
mro,mro,Mru,iso639_3
mrp,mrp,Morouas,iso639_3
mrq,mrq,North Marquesan,iso639_3
mrr,mrr,Maria (India),iso639_3
mrs,mrs,Maragus,iso639_3
mrt,mrt,Marghi Central,iso639_3
mru,mru,Mono (Cameroon),iso639_3
mrv,mrv,Mangareva,iso639_3
mrw,mrw,Maranao,iso639_3
mrx,mrx,Maremgi,iso639_3
mry,mry,Mandaya,iso639_3
mrz,mrz,Marind,iso639_3
msa,msa,Malay (macrolanguage),iso639_3
msb,msb,Masbatenyo,iso639_3
msc,msc,Sankaran Maninka,iso639_3
msd,msd,Yucatec Maya Sign Language,iso639_3
mse,mse,Musey,iso639_3
msf,msf,Mekwei,iso639_3
msg,msg,Moraid,iso639_3
msh,msh,Masikoro Malagasy,iso639_3
msi,msi,Sabah Malay,iso639_3
msj,msj,Ma (Democratic Republic of Congo),iso639_3
msk,msk,Mansaka,iso639_3
msl,msl,Molof,iso639_3
msm,msm,Agusan Manobo,iso639_3
msn,msn,Vurës,iso639_3
mso,mso,Mombum,iso639_3
msp,msp,Maritsauá,iso639_3
msq,msq,Caac,iso639_3
msr,msr,Mongolian Sign Language,iso639_3
mss,mss,West Masela,iso639_3
msu,msu,Musom,iso639_3
msv,msv,Maslam,iso639_3
msw,msw,Mansoanka,iso639_3
msx,msx,Moresada,iso639_3
msy,msy,Aruamu,iso639_3
msz,msz,Momare,iso639_3
mta,mta,Cotabato Manobo,iso639_3
mtb,mtb,Anyin Morofo,iso639_3
mtc,mtc,Munit,iso639_3
mtd,mtd,Mualang,iso639_3
mte,mte,Mono (Solomon Islands),iso639_3
mtf,mtf,Murik (Papua New Guinea),iso639_3
mtg,mtg,Una,iso639_3
mth,mth,Munggui,iso639_3
mti,mti,Maiwa (Papua New Guinea),iso639_3
mtj,mtj,Moskona,iso639_3
mtk,mtk,Mbe',iso639_3
mtl,mtl,Montol,iso639_3
mtm,mtm,Mator,iso639_3
mtn,mtn,Matagalpa,iso639_3
mto,mto,Totontepec Mixe,iso639_3
mtp,mtp,Wichí Lhamtés Nocten,iso639_3
mtq,mtq,Muong,iso639_3
mtr,mtr,Mewari,iso639_3
mts,mts,Yora,iso639_3
mtt,mtt,Mota,iso639_3
mtu,mtu,Tututepec Mixtec,iso639_3
mtv,mtv,Asaro'o,iso639_3
mtw,mtw,Southern Binukidnon,iso639_3
mtx,mtx,Tidaá Mixtec,iso639_3
mty,mty,Nabi,iso639_3
mua,mua,Mundang,iso639_3
mub,mub,Mubi,iso639_3
muc,muc,Ajumbu,iso639_3
mud,mud,Mednyj Aleut,iso639_3
mue,mue,Media Lengua,iso639_3
mug,mug,Musgu,iso639_3
muh,muh,Mündü,iso639_3
mui,mui,Musi,iso639_3
muj,muj,Mabire,iso639_3
muk,muk,Mugom,iso639_3
mul,mul,Multiple languages,iso639_3
mum,mum,Maiwala,iso639_3
mun,mun,Munda languages,iso639_5_collection
muo,muo,Nyong,iso639_3
mup,mup,Malvi,iso639_3
muq,muq,Eastern Xiangxi Miao,iso639_3
mur,mur,Murle,iso639_3
mus,mus,Creek,iso639_3
mut,mut,Western Muria,iso639_3
muu,muu,Yaaku,iso639_3
muv,muv,Muthuvan,iso639_3
mux,mux,Bo-Ung,iso639_3
muy,muy,Muyang,iso639_3
muz,muz,Mursi,iso639_3
mva,mva,Manam,iso639_3
mvb,mvb,Mattole,iso639_3
mvd,mvd,Mamboru,iso639_3
mve,mve,Marwari (Pakistan),iso639_3
mvf,mvf,Peripheral Mongolian,iso639_3
mvg,mvg,Yucuañe Mixtec,iso639_3
mvh,mvh,Mulgi,iso639_3
mvi,mvi,Miyako,iso639_3
mvk,mvk,Mekmek,iso639_3
mvl,mvl,Mbara (Australia),iso639_3
mvn,mvn,Minaveha,iso639_3
mvo,mvo,Marovo,iso639_3
mvp,mvp,Duri,iso639_3
mvq,mvq,Moere,iso639_3
mvr,mvr,Marau,iso639_3
mvs,mvs,Massep,iso639_3
mvt,mvt,Mpotovoro,iso639_3
mvu,mvu,Marfa,iso639_3
mvv,mvv,Tagal Murut,iso639_3
mvw,mvw,Machinga,iso639_3
mvx,mvx,Meoswar,iso639_3
mvy,mvy,Indus Kohistani,iso639_3
mvz,mvz,Mesqan,iso639_3
mwa,mwa,Mwatebu,iso639_3
mwb,mwb,Juwal,iso639_3
mwc,mwc,Are,iso639_3
mwe,mwe,Mwera (Chimwera),iso639_3
mwf,mwf,Murrinh-Patha,iso639_3
mwg,mwg,Aiklep,iso639_3
mwh,mwh,Mouk-Aria,iso639_3
mwi,mwi,Labo,iso639_3
mwk,mwk,Kita Maninkakan,iso639_3
mwl,mwl,Mirandese,iso639_3
mwm,mwm,Sar,iso639_3
mwn,mwn,Nyamwanga,iso639_3
mwo,mwo,Central Maewo,iso639_3
mwp,mwp,Kala Lagaw Ya,iso639_3
mwq,mwq,Mün Chin,iso639_3
mwr,mwr,Marwari,iso639_3
mws,mws,Mwimbi-Muthambi,iso639_3
mwt,mwt,Moken,iso639_3
mwu,mwu,Mittu,iso639_3
mwv,mwv,Mentawai,iso639_3
mww,mww,Hmong Daw,iso639_3
mwz,mwz,Moingi,iso639_3
mxa,mxa,Northwest Oaxaca Mixtec,iso639_3
mxb,mxb,Tezoatlán Mixtec,iso639_3
mxc,mxc,Manyika,iso639_3
mxd,mxd,Modang,iso639_3
mxe,mxe,Mele-Fila,iso639_3
mxf,mxf,Malgbe,iso639_3
mxg,mxg,Mbangala,iso639_3
mxh,mxh,Mvuba,iso639_3
mxi,mxi,Mozarabic,iso639_3
mxj,mxj,Miju-Mishmi,iso639_3
mxk,mxk,Monumbo,iso639_3
mxl,mxl,Maxi Gbe,iso639_3
mxm,mxm,Meramera,iso639_3
mxn,mxn,Moi (Indonesia),iso639_3
mxo,mxo,Mbowe,iso639_3
mxp,mxp,Tlahuitoltepec Mixe,iso639_3
mxq,mxq,Juquila Mixe,iso639_3
mxr,mxr,Murik (Malaysia),iso639_3
mxs,mxs,Huitepec Mixtec,iso639_3
mxt,mxt,Jamiltepec Mixtec,iso639_3
mxu,mxu,Mada (Cameroon),iso639_3
mxv,mxv,Metlatónoc Mixtec,iso639_3
mxw,mxw,Namo,iso639_3
mxx,mxx,Mahou,iso639_3
mxy,mxy,Southeastern Nochixtlán Mixtec,iso639_3
mxz,mxz,Central Masela,iso639_3
mya,mya,Burmese,iso639_3
myb,myb,Mbay,iso639_3
myc,myc,Mayeka,iso639_3
mye,mye,Myene,iso639_3
myf,myf,Bambassi,iso639_3
myg,myg,Manta,iso639_3
myh,myh,Makah,iso639_3
myj,myj,Mangayat,iso639_3
myk,myk,Mamara Senoufo,iso639_3
myl,myl,Moma,iso639_3
mym,mym,Me'en,iso639_3
myn,myn,Mayan languages,iso639_5_collection
myo,myo,Anfillo,iso639_3
myp,myp,Pirahã,iso639_3
myr,myr,Muniche,iso639_3
mys,mys,Mesmes,iso639_3
myu,myu,Mundurukú,iso639_3
myv,myv,Erzya,iso639_3
myw,myw,Muyuw,iso639_3
myx,myx,Masaaba,iso639_3
myy,myy,Macuna,iso639_3
myz,myz,Classical Mandaic,iso639_3
mza,mza,Santa María Zacatepec Mixtec,iso639_3
mzb,mzb,Tumzabt,iso639_3
mzc,mzc,Madagascar Sign Language,iso639_3
mzd,mzd,Malimba,iso639_3
mze,mze,Morawa,iso639_3
mzg,mzg,Monastic Sign Language,iso639_3
mzh,mzh,Wichí Lhamtés Güisnay,iso639_3
mzi,mzi,Ixcatlán Mazatec,iso639_3
mzj,mzj,Manya,iso639_3
mzk,mzk,Nigeria Mambila,iso639_3
mzl,mzl,Mazatlán Mixe,iso639_3
mzm,mzm,Mumuye,iso639_3
mzn,mzn,Mazanderani,iso639_3
mzo,mzo,Matipuhy,iso639_3
mzp,mzp,Movima,iso639_3
mzq,mzq,Mori Atas,iso639_3
mzr,mzr,Marúbo,iso639_3
mzs,mzs,Macanese,iso639_3
mzt,mzt,Mintil,iso639_3
mzu,mzu,Inapang,iso639_3
mzv,mzv,Manza,iso639_3
mzw,mzw,Deg,iso639_3
mzx,mzx,Mawayana,iso639_3
mzy,mzy,Mozambican Sign Language,iso639_3
mzz,mzz,Maiadomu,iso639_3
naa,naa,Namla,iso639_3
nab,nab,Southern Nambikuára,iso639_3
nac,nac,Narak,iso639_3
nae,nae,Naka'ela,iso639_3
naf,naf,Nabak,iso639_3
nag,nag,Naga Pidgin,iso639_3
nah,nah,Nahuatl languages,iso639_5_collection
nai,nai,North American Indian languages,iso639_5_collection
naj,naj,Nalu,iso639_3
nak,nak,Nakanai,iso639_3
nal,nal,Nalik,iso639_3
nam,nam,Ngan'gityemerri,iso639_3
nan,nan,Min Nan Chinese,iso639_3
nao,nao,Naaba,iso639_3
nap,nap,Neapolitan,iso639_3
naq,naq,Khoekhoe,iso639_3
nar,nar,Iguta,iso639_3
nas,nas,Naasioi,iso639_3
nat,nat,Ca̱hungwa̱rya̱,iso639_3
nau,nau,Nauru,iso639_3
nav,nav,Navajo,iso639_3
naw,naw,Nawuri,iso639_3
nax,nax,Nakwi,iso639_3
nay,nay,Ngarrindjeri,iso639_3
naz,naz,Coatepec Nahuatl,iso639_3
nba,nba,Nyemba,iso639_3
nbb,nbb,Ndoe,iso639_3
nbc,nbc,Chang Naga,iso639_3
nbd,nbd,Ngbinda,iso639_3
nbe,nbe,Konyak Naga,iso639_3
nbg,nbg,Nagarchal,iso639_3
nbh,nbh,Ngamo,iso639_3
nbi,nbi,Mao Naga,iso639_3
nbj,nbj,Ngarinyman,iso639_3
nbk,nbk,Nake,iso639_3
nbl,nbl,South Ndebele,iso639_3
nbm,nbm,Ngbaka Ma'bo,iso639_3
nbn,nbn,Kuri,iso639_3
nbo,nbo,Nkukoli,iso639_3
nbp,nbp,Nnam,iso639_3
nbq,nbq,Nggem,iso639_3
nbr,nbr,Numana,iso639_3
nbs,nbs,Namibian Sign Language,iso639_3
nbt,nbt,Na,iso639_3
nbu,nbu,Rongmei Naga,iso639_3
nbv,nbv,Ngamambo,iso639_3
nbw,nbw,Southern Ngbandi,iso639_3
nby,nby,Ningera,iso639_3
nca,nca,Iyo,iso639_3
ncb,ncb,Central Nicobarese,iso639_3
ncc,ncc,Ponam,iso639_3
ncd,ncd,Nachering,iso639_3
nce,nce,Yale,iso639_3
ncf,ncf,Notsi,iso639_3
ncg,ncg,Nisga'a,iso639_3
nch,nch,Central Huasteca Nahuatl,iso639_3
nci,nci,Classical Nahuatl,iso639_3
ncj,ncj,Northern Puebla Nahuatl,iso639_3
nck,nck,Na-kara,iso639_3
ncl,ncl,Michoacán Nahuatl,iso639_3
ncm,ncm,Nambo,iso639_3
ncn,ncn,Nauna,iso639_3
nco,nco,Sibe,iso639_3
ncq,ncq,Northern Katang,iso639_3
ncr,ncr,Ncane,iso639_3
ncs,ncs,Nicaraguan Sign Language,iso639_3
nct,nct,Chothe Naga,iso639_3
ncu,ncu,Chumburung,iso639_3
ncx,ncx,Central Puebla Nahuatl,iso639_3
ncz,ncz,Natchez,iso639_3
nda,nda,Ndasa,iso639_3
ndb,ndb,Kenswei Nsei,iso639_3
ndc,ndc,Ndau,iso639_3
ndd,ndd,Nde-Nsele-Nta,iso639_3
nde,nde,North Ndebele,iso639_3
ndf,ndf,Nadruvian,iso639_3
ndg,ndg,Ndengereko,iso639_3
ndh,ndh,Ndali,iso639_3
ndi,ndi,Samba Leko,iso639_3
ndj,ndj,Ndamba,iso639_3
ndk,ndk,Ndaka,iso639_3
ndl,ndl,Ndolo,iso639_3
ndm,ndm,Ndam,iso639_3
ndn,ndn,Ngundi,iso639_3
ndo,ndo,Ndonga,iso639_3
ndp,ndp,Ndo,iso639_3
ndq,ndq,Ndombe,iso639_3
ndr,ndr,Ndoola,iso639_3
nds,nds,Low German,iso639_3
ndt,ndt,Ndunga,iso639_3
ndu,ndu,Dugun,iso639_3
ndv,ndv,Ndut,iso639_3
ndw,ndw,Ndobo,iso639_3
ndx,ndx,Nduga,iso639_3
ndy,ndy,Lutos,iso639_3
ndz,ndz,Ndogo,iso639_3
nea,nea,Eastern Ngad'a,iso639_3
neb,neb,Toura (Côte d'Ivoire),iso639_3
nec,nec,Nedebang,iso639_3
ned,ned,Nde-Gbite,iso639_3
nee,nee,Nêlêmwa-Nixumwak,iso639_3
nef,nef,Nefamese,iso639_3
neg,neg,Negidal,iso639_3
neh,neh,Nyenkha,iso639_3
nei,nei,Neo-Hittite,iso639_3
nej,nej,Neko,iso639_3
nek,nek,Neku,iso639_3
nem,nem,Nemi,iso639_3
nen,nen,Nengone,iso639_3
neo,neo,Ná-Meo,iso639_3
nep,nep,Nepali (macrolanguage),iso639_3
neq,neq,North Central Mixe,iso639_3
ner,ner,Yahadian,iso639_3
nes,nes,Bhoti Kinnauri,iso639_3
net,net,Nete,iso639_3
neu,neu,Neo,iso639_3
nev,nev,Nyaheun,iso639_3
new,new,Newari,iso639_3
nex,nex,Neme,iso639_3
ney,ney,Neyo,iso639_3
nez,nez,Nez Perce,iso639_3
nfa,nfa,Dhao,iso639_3
nfd,nfd,Ahwai,iso639_3
nfl,nfl,Ayiwo,iso639_3
nfr,nfr,Nafaanra,iso639_3
nfu,nfu,Mfumte,iso639_3
nga,nga,Ngbaka,iso639_3
ngb,ngb,Northern Ngbandi,iso639_3
ngc,ngc,Ngombe (Democratic Republic of Congo),iso639_3
ngd,ngd,Ngando (Central African Republic),iso639_3
nge,nge,Ngemba,iso639_3
ngf,ngf,Trans-New Guinea languages,iso639_5_collection
ngg,ngg,Ngbaka Manza,iso639_3
ngh,ngh,Nǁng,iso639_3
ngi,ngi,Ngizim,iso639_3
ngj,ngj,Ngie,iso639_3
ngk,ngk,Dalabon,iso639_3
ngl,ngl,Lomwe,iso639_3
ngm,ngm,Ngatik Men's Creole,iso639_3
ngn,ngn,Ngwo,iso639_3
ngp,ngp,Ngulu,iso639_3
ngq,ngq,Ngurimi,iso639_3
ngr,ngr,Engdewu,iso639_3
ngs,ngs,Gvoko,iso639_3
ngt,ngt,Kriang,iso639_3
ngu,ngu,Guerrero Nahuatl,iso639_3
ngv,ngv,Nagumi,iso639_3
ngw,ngw,Ngwaba,iso639_3
ngx,ngx,Nggwahyi,iso639_3
ngy,ngy,Tibea,iso639_3
ngz,ngz,Ngungwel,iso639_3
nha,nha,Nhanda,iso639_3
nhb,nhb,Beng,iso639_3
nhc,nhc,Tabasco Nahuatl,iso639_3
nhd,nhd,Chiripá,iso639_3
nhe,nhe,Eastern Huasteca Nahuatl,iso639_3
nhf,nhf,Nhuwala,iso639_3
nhg,nhg,Tetelcingo Nahuatl,iso639_3
nhh,nhh,Nahari,iso639_3
nhi,nhi,Zacatlán-Ahuacatlán-Tepetzintla Nahuatl,iso639_3
nhk,nhk,Isthmus-Cosoleacaque Nahuatl,iso639_3
nhm,nhm,Morelos Nahuatl,iso639_3
nhn,nhn,Central Nahuatl,iso639_3
nho,nho,Takuu,iso639_3
nhp,nhp,Isthmus-Pajapan Nahuatl,iso639_3
nhq,nhq,Huaxcaleca Nahuatl,iso639_3
nhr,nhr,Naro,iso639_3
nht,nht,Ometepec Nahuatl,iso639_3
nhu,nhu,Noone,iso639_3
nhv,nhv,Temascaltepec Nahuatl,iso639_3
nhw,nhw,Western Huasteca Nahuatl,iso639_3
nhx,nhx,Isthmus-Mecayapan Nahuatl,iso639_3
nhy,nhy,Northern Oaxaca Nahuatl,iso639_3
nhz,nhz,Santa María La Alta Nahuatl,iso639_3
nia,nia,Nias,iso639_3
nib,nib,Nakame,iso639_3
nic,nic,Niger-Kordofanian languages,iso639_5_collection
nid,nid,Ngandi,iso639_3
nie,nie,Niellim,iso639_3
nif,nif,Nek,iso639_3
nig,nig,Ngalakgan,iso639_3
nih,nih,Nyiha (Tanzania),iso639_3
nii,nii,Nii,iso639_3
nij,nij,Ngaju,iso639_3
nik,nik,Southern Nicobarese,iso639_3
nil,nil,Nila,iso639_3
nim,nim,Nilamba,iso639_3
nin,nin,Ninzo,iso639_3
nio,nio,Nganasan,iso639_3
niq,niq,Nandi,iso639_3
nir,nir,Nimboran,iso639_3
nis,nis,Nimi,iso639_3
nit,nit,Southeastern Kolami,iso639_3
niu,niu,Niuean,iso639_3
niv,niv,Gilyak,iso639_3
niw,niw,Nimo,iso639_3
nix,nix,Hema,iso639_3
niy,niy,Ngiti,iso639_3
niz,niz,Ningil,iso639_3
nja,nja,Nzanyi,iso639_3
njb,njb,Nocte Naga,iso639_3
njd,njd,Ndonde Hamba,iso639_3
njh,njh,Lotha Naga,iso639_3
nji,nji,Gudanji,iso639_3
njj,njj,Njen,iso639_3
njl,njl,Njalgulgule,iso639_3
njm,njm,Angami Naga,iso639_3
njn,njn,Liangmai Naga,iso639_3
njo,njo,Ao Naga,iso639_3
njr,njr,Njerep,iso639_3
njs,njs,Nisa,iso639_3
njt,njt,Ndyuka-Trio Pidgin,iso639_3
nju,nju,Ngadjunmaya,iso639_3
njx,njx,Kunyi,iso639_3
njy,njy,Njyem,iso639_3
njz,njz,Nyishi,iso639_3
nka,nka,Nkoya,iso639_3
nkb,nkb,Khoibu Naga,iso639_3
nkc,nkc,Nkongho,iso639_3
nkd,nkd,Koireng,iso639_3
nke,nke,Duke,iso639_3
nkf,nkf,Inpui Naga,iso639_3
nkg,nkg,Nekgini,iso639_3
nkh,nkh,Khezha Naga,iso639_3
nki,nki,Thangal Naga,iso639_3
nkj,nkj,Nakai,iso639_3
nkk,nkk,Nokuku,iso639_3
nkm,nkm,Namat,iso639_3
nkn,nkn,Nkangala,iso639_3
nko,nko,Nkonya,iso639_3
nkp,nkp,Niuatoputapu,iso639_3
nkq,nkq,Nkami,iso639_3
nkr,nkr,Nukuoro,iso639_3
nks,nks,North Asmat,iso639_3
nkt,nkt,Nyika (Tanzania),iso639_3
nku,nku,Bouna Kulango,iso639_3
nkv,nkv,Nyika (Malawi and Zambia),iso639_3
nkw,nkw,Nkutu,iso639_3
nkx,nkx,Nkoroo,iso639_3
nkz,nkz,Nkari,iso639_3
nla,nla,Ngombale,iso639_3
nlc,nlc,Nalca,iso639_3
nld,nld,Dutch,iso639_3
nle,nle,East Nyala,iso639_3
nlg,nlg,Gela,iso639_3
nli,nli,Grangali,iso639_3
nlj,nlj,Nyali,iso639_3
nlk,nlk,Ninia Yali,iso639_3
nll,nll,Nihali,iso639_3
nlm,nlm,Mankiyali,iso639_3
nlo,nlo,Ngul,iso639_3
nlq,nlq,Lao Naga,iso639_3
nlu,nlu,Nchumbulu,iso639_3
nlv,nlv,Orizaba Nahuatl,iso639_3
nlw,nlw,Walangama,iso639_3
nlx,nlx,Nahali,iso639_3
nly,nly,Nyamal,iso639_3
nlz,nlz,Nalögo,iso639_3
nma,nma,Maram Naga,iso639_3
nmb,nmb,Big Nambas,iso639_3
nmc,nmc,Ngam,iso639_3
nmd,nmd,Ndumu,iso639_3
nme,nme,Mzieme Naga,iso639_3
nmf,nmf,Tangkhul Naga (India),iso639_3
nmg,nmg,Kwasio,iso639_3
nmh,nmh,Monsang Naga,iso639_3
nmi,nmi,Nyam,iso639_3
nmj,nmj,Ngombe (Central African Republic),iso639_3
nmk,nmk,Namakura,iso639_3
nml,nml,Ndemli,iso639_3
nmm,nmm,Manangba,iso639_3
nmn,nmn,ǃXóõ,iso639_3
nmo,nmo,Moyon Naga,iso639_3
nmp,nmp,Nimanbur,iso639_3
nmq,nmq,Nambya,iso639_3
nmr,nmr,Nimbari,iso639_3
nms,nms,Letemboi,iso639_3
nmt,nmt,Namonuito,iso639_3
nmu,nmu,Northeast Maidu,iso639_3
nmv,nmv,Ngamini,iso639_3
nmw,nmw,Nimoa,iso639_3
nmx,nmx,Nama (Papua New Guinea),iso639_3
nmy,nmy,Namuyi,iso639_3
nmz,nmz,Nawdm,iso639_3
nna,nna,Nyangumarta,iso639_3
nnb,nnb,Nande,iso639_3
nnc,nnc,Nancere,iso639_3
nnd,nnd,West Ambae,iso639_3
nne,nne,Ngandyera,iso639_3
nnf,nnf,Ngaing,iso639_3
nng,nng,Maring Naga,iso639_3
nnh,nnh,Ngiemboon,iso639_3
nni,nni,North Nuaulu,iso639_3
nnj,nnj,Nyangatom,iso639_3
nnk,nnk,Nankina,iso639_3
nnl,nnl,Northern Rengma Naga,iso639_3
nnm,nnm,Namia,iso639_3
nnn,nnn,Ngete,iso639_3
nno,nno,Norwegian Nynorsk,iso639_3
nnp,nnp,Wancho Naga,iso639_3
nnq,nnq,Ngindo,iso639_3
nnr,nnr,Narungga,iso639_3
nnt,nnt,Nanticoke,iso639_3
nnu,nnu,Dwang,iso639_3
nnv,nnv,Nugunu (Australia),iso639_3
nnw,nnw,Southern Nuni,iso639_3
nny,nny,Nyangga,iso639_3
nnz,nnz,Nda'nda',iso639_3
noa,noa,Woun Meu,iso639_3
nob,nob,Norwegian Bokmål,iso639_3
noc,noc,Nuk,iso639_3
nod,nod,Northern Thai,iso639_3
noe,noe,Nimadi,iso639_3
nof,nof,Nomane,iso639_3
nog,nog,Nogai,iso639_3
noh,noh,Nomu,iso639_3
noi,noi,Noiri,iso639_3
noj,noj,Nonuya,iso639_3
nok,nok,Nooksack,iso639_3
nol,nol,Nomlaki,iso639_3
nom,nom,Nocamán,iso639_3
non,non,Old Norse,iso639_3
nop,nop,Numanggang,iso639_3
noq,noq,Ngongo,iso639_3
nor,nor,Norwegian,iso639_3
nos,nos,Eastern Nisu,iso639_3
not,not,Nomatsiguenga,iso639_3
nou,nou,Ewage-Notu,iso639_3
nov,nov,Novial,iso639_3
now,now,Nyambo,iso639_3
noy,noy,Noy,iso639_3
noz,noz,Nayi,iso639_3
npa,npa,Nar Phu,iso639_3
npb,npb,Nupbikha,iso639_3
npg,npg,Ponyo-Gongwang Naga,iso639_3
nph,nph,Phom Naga,iso639_3
npi,npi,Nepali (individual language),iso639_3
npl,npl,Southeastern Puebla Nahuatl,iso639_3
npn,npn,Mondropolon,iso639_3
npo,npo,Pochuri Naga,iso639_3
nps,nps,Nipsan,iso639_3
npu,npu,Puimei Naga,iso639_3
npx,npx,Noipx,iso639_3
npy,npy,Napu,iso639_3
nqg,nqg,Southern Nago,iso639_3
nqk,nqk,Kura Ede Nago,iso639_3
nql,nql,Ngendelengo,iso639_3
nqm,nqm,Ndom,iso639_3
nqn,nqn,Nen,iso639_3
nqo,nqo,N'Ko,iso639_3
nqq,nqq,Kyan-Karyaw Naga,iso639_3
nqt,nqt,Nteng,iso639_3
nqy,nqy,Akyaung Ari Naga,iso639_3
nra,nra,Ngom,iso639_3
nrb,nrb,Nara,iso639_3
nrc,nrc,Noric,iso639_3
nre,nre,Southern Rengma Naga,iso639_3
nrf,nrf,Jèrriais,iso639_3
nrg,nrg,Narango,iso639_3
nri,nri,Chokri Naga,iso639_3
nrk,nrk,Ngarla,iso639_3
nrl,nrl,Ngarluma,iso639_3
nrm,nrm,Narom,iso639_3
nrn,nrn,Norn,iso639_3
nrp,nrp,North Picene,iso639_3
nrr,nrr,Norra,iso639_3
nrt,nrt,Northern Kalapuya,iso639_3
nru,nru,Narua,iso639_3
nrx,nrx,Ngurmbur,iso639_3
nrz,nrz,Lala,iso639_3
nsa,nsa,Sangtam Naga,iso639_3
nsb,nsb,Lower Nossob,iso639_3
nsc,nsc,Nshi,iso639_3
nsd,nsd,Southern Nisu,iso639_3
nse,nse,Nsenga,iso639_3
nsf,nsf,Northwestern Nisu,iso639_3
nsg,nsg,Ngasa,iso639_3
nsh,nsh,Ngoshie,iso639_3
nsi,nsi,Nigerian Sign Language,iso639_3
nsk,nsk,Naskapi,iso639_3
nsl,nsl,Norwegian Sign Language,iso639_3
nsm,nsm,Sumi Naga,iso639_3
nsn,nsn,Nehan,iso639_3
nso,nso,Pedi,iso639_3
nsp,nsp,Nepalese Sign Language,iso639_3
nsq,nsq,Northern Sierra Miwok,iso639_3
nsr,nsr,Maritime Sign Language,iso639_3
nss,nss,Nali,iso639_3
nst,nst,Tase Naga,iso639_3
nsu,nsu,Sierra Negra Nahuatl,iso639_3
nsv,nsv,Southwestern Nisu,iso639_3
nsw,nsw,Navut,iso639_3
nsx,nsx,Nsongo,iso639_3
nsy,nsy,Nasal,iso639_3
nsz,nsz,Nisenan,iso639_3
ntd,ntd,Northern Tidung,iso639_3
nte,nte,Nathembo,iso639_3
ntg,ntg,Ngantangarra,iso639_3
nti,nti,Natioro,iso639_3
ntj,ntj,Ngaanyatjarra,iso639_3
ntk,ntk,Ikoma-Nata-Isenye,iso639_3
ntm,ntm,Nateni,iso639_3
nto,nto,Ntomba,iso639_3
ntp,ntp,Northern Tepehuan,iso639_3
ntr,ntr,Delo,iso639_3
ntu,ntu,Natügu,iso639_3
ntw,ntw,Nottoway,iso639_3
ntx,ntx,Tangkhul Naga (Myanmar),iso639_3
nty,nty,Mantsi,iso639_3
ntz,ntz,Natanzi,iso639_3
nua,nua,Yuanga,iso639_3
nub,nub,Nubian languages,iso639_5_collection
nuc,nuc,Nukuini,iso639_3
nud,nud,Ngala,iso639_3
nue,nue,Ngundu,iso639_3
nuf,nuf,Nusu,iso639_3
nug,nug,Nungali,iso639_3
nuh,nuh,Ndunda,iso639_3
nui,nui,Ngumbi,iso639_3
nuj,nuj,Nyole,iso639_3
nuk,nuk,Nuu-chah-nulth,iso639_3
nul,nul,Nusa Laut,iso639_3
num,num,Niuafo'ou,iso639_3
nun,nun,Anong,iso639_3
nuo,nuo,Nguôn,iso639_3
nup,nup,Nupe-Nupe-Tako,iso639_3
nuq,nuq,Nukumanu,iso639_3
nur,nur,Nukuria,iso639_3
nus,nus,Nuer,iso639_3
nut,nut,Nung (Viet Nam),iso639_3
nuu,nuu,Ngbundu,iso639_3
nuv,nuv,Northern Nuni,iso639_3
nuw,nuw,Nguluwan,iso639_3
nux,nux,Mehek,iso639_3
nuy,nuy,Nunggubuyu,iso639_3
nuz,nuz,Tlamacazapa Nahuatl,iso639_3
nvh,nvh,Nasarian,iso639_3
nvm,nvm,Namiae,iso639_3
nvo,nvo,Nyokon,iso639_3
nwa,nwa,Nawathinehena,iso639_3
nwb,nwb,Nyabwa,iso639_3
nwc,nwc,Classical Newari,iso639_3
nwe,nwe,Ngwe,iso639_3
nwg,nwg,Ngayawung,iso639_3
nwi,nwi,Southwest Tanna,iso639_3
nwm,nwm,Nyamusa-Molo,iso639_3
nwo,nwo,Nauo,iso639_3
nwr,nwr,Nawaru,iso639_3
nww,nww,Ndwewe,iso639_3
nwx,nwx,Middle Newar,iso639_3
nwy,nwy,Nottoway-Meherrin,iso639_3
nxa,nxa,Nauete,iso639_3
nxd,nxd,Ngando (Democratic Republic of Congo),iso639_3
nxe,nxe,Nage,iso639_3
nxg,nxg,Ngad'a,iso639_3
nxi,nxi,Nindi,iso639_3
nxk,nxk,Koki Naga,iso639_3
nxl,nxl,South Nuaulu,iso639_3
nxm,nxm,Numidian,iso639_3
nxn,nxn,Ngawun,iso639_3
nxo,nxo,Ndambomo,iso639_3
nxq,nxq,Naxi,iso639_3
nxr,nxr,Ninggerum,iso639_3
nxx,nxx,Nafri,iso639_3
nya,nya,Nyanja,iso639_3
nyb,nyb,Nyangbo,iso639_3
nyc,nyc,Nyanga-li,iso639_3
nyd,nyd,Nyore,iso639_3
nye,nye,Nyengo,iso639_3
nyf,nyf,Giryama,iso639_3
nyg,nyg,Nyindu,iso639_3
nyh,nyh,Nyikina,iso639_3
nyi,nyi,Ama (Sudan),iso639_3
nyj,nyj,Nyanga,iso639_3
nyk,nyk,Nyaneka,iso639_3
nyl,nyl,Nyeu,iso639_3
nym,nym,Nyamwezi,iso639_3
nyn,nyn,Nyankole,iso639_3
nyo,nyo,Nyoro,iso639_3
nyp,nyp,Nyang'i,iso639_3
nyq,nyq,Nayini,iso639_3
nyr,nyr,Nyiha (Malawi),iso639_3
nys,nys,Nyungar,iso639_3
nyt,nyt,Nyawaygi,iso639_3
nyu,nyu,Nyungwe,iso639_3
nyv,nyv,Nyulnyul,iso639_3
nyw,nyw,Nyaw,iso639_3
nyx,nyx,Nganyaywana,iso639_3
nyy,nyy,Nyakyusa-Ngonde,iso639_3
nza,nza,Tigon Mbembe,iso639_3
nzb,nzb,Njebi,iso639_3
nzd,nzd,Nzadi,iso639_3
nzi,nzi,Nzima,iso639_3
nzk,nzk,Nzakara,iso639_3
nzm,nzm,Zeme Naga,iso639_3
nzs,nzs,New Zealand Sign Language,iso639_3
nzu,nzu,Teke-Nzikou,iso639_3
nzy,nzy,Nzakambay,iso639_3
nzz,nzz,Nanga Dama Dogon,iso639_3
oaa,oaa,Orok,iso639_3
oac,oac,Oroch,iso639_3
oar,oar,Old Aramaic (up to 700 BCE),iso639_3
oav,oav,Old Avar,iso639_3
obi,obi,Obispeño,iso639_3
obk,obk,Southern Bontok,iso639_3
obl,obl,Oblo,iso639_3
obm,obm,Moabite,iso639_3
obo,obo,Obo Manobo,iso639_3
obr,obr,Old Burmese,iso639_3
obt,obt,Old Breton,iso639_3
obu,obu,Obulom,iso639_3
oca,oca,Ocaina,iso639_3
och,och,Old Chinese,iso639_3
oci,oci,Occitan (post 1500),iso639_3
ocm,ocm,Old Cham,iso639_3
oco,oco,Old Cornish,iso639_3
ocu,ocu,Atzingo Matlatzinca,iso639_3
oda,oda,Odut,iso639_3
odk,odk,Od,iso639_3
odt,odt,Old Dutch,iso639_3
odu,odu,Odual,iso639_3
ofo,ofo,Ofo,iso639_3
ofs,ofs,Old Frisian,iso639_3
ofu,ofu,Efutop,iso639_3
ogb,ogb,Ogbia,iso639_3
ogc,ogc,Ogbah,iso639_3
oge,oge,Old Georgian,iso639_3
ogg,ogg,Ogbogolo,iso639_3
ogo,ogo,Khana,iso639_3
ogu,ogu,Ogbronuagum,iso639_3
oht,oht,Old Hittite,iso639_3
ohu,ohu,Old Hungarian,iso639_3
oia,oia,Oirata,iso639_3
oie,oie,Okolie,iso639_3
oin,oin,Inebu One,iso639_3
ojb,ojb,Northwestern Ojibwa,iso639_3
ojc,ojc,Central Ojibwa,iso639_3
ojg,ojg,Eastern Ojibwa,iso639_3
oji,oji,Ojibwa,iso639_3
ojp,ojp,Old Japanese,iso639_3
ojs,ojs,Severn Ojibwa,iso639_3
ojv,ojv,Ontong Java,iso639_3
ojw,ojw,Western Ojibwa,iso639_3
oka,oka,Okanagan,iso639_3
okb,okb,Okobo,iso639_3
okc,okc,Kobo,iso639_3
okd,okd,Okodia,iso639_3
oke,oke,Okpe (Southwestern Edo),iso639_3
okg,okg,Koko Babangk,iso639_3
okh,okh,Koresh-e Rostam,iso639_3
oki,oki,Okiek,iso639_3
okj,okj,Oko-Juwoi,iso639_3
okk,okk,Kwamtim One,iso639_3
okl,okl,Old Kentish Sign Language,iso639_3
okm,okm,Middle Korean (10th-16th cent.),iso639_3
okn,okn,Oki-No-Erabu,iso639_3
oko,oko,Old Korean (3rd-9th cent.),iso639_3
okr,okr,Kirike,iso639_3
oks,oks,Oko-Eni-Osayen,iso639_3
oku,oku,Oku,iso639_3
okv,okv,Orokaiva,iso639_3
okx,okx,Okpe (Northwestern Edo),iso639_3
okz,okz,Old Khmer,iso639_3
ola,ola,Walungge,iso639_3
old,old,Mochi,iso639_3
ole,ole,Olekha,iso639_3
olk,olk,Olkol,iso639_3
olm,olm,Oloma,iso639_3
olo,olo,Livvi,iso639_3
olr,olr,Olrat,iso639_3
olt,olt,Old Lithuanian,iso639_3
olu,olu,Kuvale,iso639_3
oma,oma,Omaha-Ponca,iso639_3
omb,omb,East Ambae,iso639_3
omc,omc,Mochica,iso639_3
omg,omg,Omagua,iso639_3
omi,omi,Omi,iso639_3
omk,omk,Omok,iso639_3
oml,oml,Ombo,iso639_3
omn,omn,Minoan,iso639_3
omo,omo,Utarmbung,iso639_3
omp,omp,Old Manipuri,iso639_3
omq,omq,Oto-Manguean languages,iso639_5_collection
omr,omr,Old Marathi,iso639_3
omt,omt,Omotik,iso639_3
omu,omu,Omurano,iso639_3
omv,omv,Omotic languages,iso639_5_collection
omw,omw,South Tairora,iso639_3
omx,omx,Old Mon,iso639_3
omy,omy,Old Malay,iso639_3
ona,ona,Ona,iso639_3
onb,onb,Lingao,iso639_3
one,one,Oneida,iso639_3
ong,ong,Olo,iso639_3
oni,oni,Onin,iso639_3
onj,onj,Onjob,iso639_3
onk,onk,Kabore One,iso639_3
onn,onn,Onobasulu,iso639_3
ono,ono,Onondaga,iso639_3
onp,onp,Sartang,iso639_3
onr,onr,Northern One,iso639_3
ons,ons,Ono,iso639_3
ont,ont,Ontenu,iso639_3
onu,onu,Unua,iso639_3
onw,onw,Old Nubian,iso639_3
onx,onx,Onin Based Pidgin,iso639_3
ood,ood,Tohono O'odham,iso639_3
oog,oog,Ong,iso639_3
oon,oon,Önge,iso639_3
oor,oor,Oorlams,iso639_3
oos,oos,Old Ossetic,iso639_3
opa,opa,Okpamheri,iso639_3
opk,opk,Kopkaka,iso639_3
opm,opm,Oksapmin,iso639_3
opo,opo,Opao,iso639_3
opt,opt,Opata,iso639_3
opy,opy,Ofayé,iso639_3
ora,ora,Oroha,iso639_3
orc,orc,Orma,iso639_3
ore,ore,Orejón,iso639_3
org,org,Oring,iso639_3
orh,orh,Oroqen,iso639_3
ori,ori,Oriya (macrolanguage),iso639_3
orm,orm,Oromo,iso639_3
orn,orn,Orang Kanaq,iso639_3
oro,oro,Orokolo,iso639_3
orr,orr,Oruma,iso639_3
ors,ors,Orang Seletar,iso639_3
ort,ort,Adivasi Oriya,iso639_3
oru,oru,Ormuri,iso639_3
orv,orv,Old Russian,iso639_3
orw,orw,Oro Win,iso639_3
orx,orx,Oro,iso639_3
ory,ory,Odia,iso639_3
orz,orz,Ormu,iso639_3
osa,osa,Osage,iso639_3
osc,osc,Oscan,iso639_3
osi,osi,Osing,iso639_3
osn,osn,Old Sundanese,iso639_3
oso,oso,Ososo,iso639_3
osp,osp,Old Spanish,iso639_3
oss,oss,Ossetian,iso639_3
ost,ost,Osatu,iso639_3
osu,osu,Southern One,iso639_3
osx,osx,Old Saxon,iso639_3
ota,ota,Ottoman Turkish (1500-1928),iso639_3
otb,otb,Old Tibetan,iso639_3
otd,otd,Ot Danum,iso639_3
ote,ote,Mezquital Otomi,iso639_3
oti,oti,Oti,iso639_3
otk,otk,Old Turkish,iso639_3
otl,otl,Tilapa Otomi,iso639_3
otm,otm,Eastern Highland Otomi,iso639_3
otn,otn,Tenango Otomi,iso639_3
oto,oto,Otomian languages,iso639_5_collection
otq,otq,Querétaro Otomi,iso639_3
otr,otr,Otoro,iso639_3
ots,ots,Estado de México Otomi,iso639_3
ott,ott,Temoaya Otomi,iso639_3
otu,otu,Otuke,iso639_3
otw,otw,Ottawa,iso639_3
otx,otx,Texcatepec Otomi,iso639_3
oty,oty,Old Tamil,iso639_3
otz,otz,Ixtenco Otomi,iso639_3
oua,oua,Tagargrent,iso639_3
oub,oub,Glio-Oubi,iso639_3
oue,oue,Oune,iso639_3
oui,oui,Old Uighur,iso639_3
oum,oum,Ouma,iso639_3
ovd,ovd,Elfdalian,iso639_3
owi,owi,Owiniga,iso639_3
owl,owl,Old Welsh,iso639_3
oyb,oyb,Oy,iso639_3
oyd,oyd,Oyda,iso639_3
oym,oym,Wayampi,iso639_3
oyy,oyy,Oya'oya,iso639_3
ozm,ozm,Koonzime,iso639_3
paa,paa,Papuan languages,iso639_5_collection
pab,pab,Parecís,iso639_3
pac,pac,Pacoh,iso639_3
pad,pad,Paumarí,iso639_3
pae,pae,Pagibete,iso639_3
paf,paf,Paranawát,iso639_3
pag,pag,Pangasinan,iso639_3
pah,pah,Tenharim,iso639_3
pai,pai,Pe,iso639_3
pak,pak,Parakanã,iso639_3
pal,pal,Pahlavi,iso639_3
pam,pam,Pampanga,iso639_3
pan,pan,Panjabi,iso639_3
pao,pao,Northern Paiute,iso639_3
pap,pap,Papiamento,iso639_3
paq,paq,Parya,iso639_3
par,par,Panamint,iso639_3
pas,pas,Papasena,iso639_3
pau,pau,Palauan,iso639_3
pav,pav,Pakaásnovos,iso639_3
paw,paw,Pawnee,iso639_3
pax,pax,Pankararé,iso639_3
pay,pay,Pech,iso639_3
paz,paz,Pankararú,iso639_3
pbb,pbb,Páez,iso639_3
pbc,pbc,Patamona,iso639_3
pbe,pbe,Mezontla Popoloca,iso639_3
pbf,pbf,Coyotepec Popoloca,iso639_3
pbg,pbg,Paraujano,iso639_3
pbh,pbh,E'ñapa Woromaipu,iso639_3
pbi,pbi,Parkwa,iso639_3
pbl,pbl,Mak (Nigeria),iso639_3
pbm,pbm,Puebla Mazatec,iso639_3
pbn,pbn,Kpasam,iso639_3
pbo,pbo,Papel,iso639_3
pbp,pbp,Badyara,iso639_3
pbr,pbr,Pangwa,iso639_3
pbs,pbs,Central Pame,iso639_3
pbt,pbt,Southern Pashto,iso639_3
pbu,pbu,Northern Pashto,iso639_3
pbv,pbv,Pnar,iso639_3
pby,pby,Pyu (Papua New Guinea),iso639_3
pca,pca,Santa Inés Ahuatempan Popoloca,iso639_3
pcb,pcb,Pear,iso639_3
pcc,pcc,Bouyei,iso639_3
pcd,pcd,Picard,iso639_3
pce,pce,Ruching Palaung,iso639_3
pcf,pcf,Paliyan,iso639_3
pcg,pcg,Paniya,iso639_3
pch,pch,Pardhan,iso639_3
pci,pci,Duruwa,iso639_3
pcj,pcj,Parenga,iso639_3
pck,pck,Paite Chin,iso639_3
pcl,pcl,Pardhi,iso639_3
pcm,pcm,Nigerian Pidgin,iso639_3
pcn,pcn,Piti,iso639_3
pcp,pcp,Pacahuara,iso639_3
pcw,pcw,Pyapun,iso639_3
pda,pda,Anam,iso639_3
pdc,pdc,Pennsylvania German,iso639_3
pdi,pdi,Pa Di,iso639_3
pdn,pdn,Podena,iso639_3
pdo,pdo,Padoe,iso639_3
pdt,pdt,Plautdietsch,iso639_3
pdu,pdu,Kayan,iso639_3
pea,pea,Peranakan Indonesian,iso639_3
peb,peb,Eastern Pomo,iso639_3
ped,ped,Mala (Papua New Guinea),iso639_3
pee,pee,Taje,iso639_3
pef,pef,Northeastern Pomo,iso639_3
peg,peg,Pengo,iso639_3
peh,peh,Bonan,iso639_3
pei,pei,Chichimeca-Jonaz,iso639_3
pej,pej,Northern Pomo,iso639_3
pek,pek,Penchal,iso639_3
pel,pel,Pekal,iso639_3
pem,pem,Phende,iso639_3
peo,peo,Old Persian (ca. 600-400 B.C.),iso639_3
pep,pep,Kunja,iso639_3
peq,peq,Southern Pomo,iso639_3
per,fas,Persian,iso639_2_bibliographic_alias
pes,pes,Iranian Persian,iso639_3
pev,pev,Pémono,iso639_3
pex,pex,Petats,iso639_3
pey,pey,Petjo,iso639_3
pez,pez,Eastern Penan,iso639_3
pfa,pfa,Pááfang,iso639_3
pfe,pfe,Pere,iso639_3
pfl,pfl,Pfaelzisch,iso639_3
pga,pga,Sudanese Creole Arabic,iso639_3
pgd,pgd,Gāndhārī,iso639_3
pgg,pgg,Pangwali,iso639_3
pgi,pgi,Pagi,iso639_3
pgk,pgk,Rerep,iso639_3
pgl,pgl,Primitive Irish,iso639_3
pgn,pgn,Paelignian,iso639_3
pgs,pgs,Pangseng,iso639_3
pgu,pgu,Pagu,iso639_3
pgz,pgz,Papua New Guinean Sign Language,iso639_3
pha,pha,Pa-Hng,iso639_3
phd,phd,Phudagi,iso639_3
phg,phg,Phuong,iso639_3
phh,phh,Phukha,iso639_3
phi,phi,Philippine languages,iso639_5_collection
phj,phj,Pahari,iso639_3
phk,phk,Phake,iso639_3
phl,phl,Phalura,iso639_3
phm,phm,Phimbi,iso639_3
phn,phn,Phoenician,iso639_3
pho,pho,Phunoi,iso639_3
phq,phq,Phana',iso639_3
phr,phr,Pahari-Potwari,iso639_3
pht,pht,Phu Thai,iso639_3
phu,phu,Phuan,iso639_3
phv,phv,Pahlavani,iso639_3
phw,phw,Phangduwali,iso639_3
pia,pia,Pima Bajo,iso639_3
pib,pib,Yine,iso639_3
pic,pic,Pinji,iso639_3
pid,pid,Piaroa,iso639_3
pie,pie,Piro,iso639_3
pif,pif,Pingelapese,iso639_3
pig,pig,Pisabo,iso639_3
pih,pih,Pitcairn-Norfolk,iso639_3
pij,pij,Pijao,iso639_3
pil,pil,Yom,iso639_3
pim,pim,Powhatan,iso639_3
pin,pin,Piame,iso639_3
pio,pio,Piapoco,iso639_3
pip,pip,Pero,iso639_3
pir,pir,Piratapuyo,iso639_3
pis,pis,Pijin,iso639_3
pit,pit,Pitta Pitta,iso639_3
piu,piu,Pintupi-Luritja,iso639_3
piv,piv,Pileni,iso639_3
piw,piw,Pimbwe,iso639_3
pix,pix,Piu,iso639_3
piy,piy,Piya-Kwonci,iso639_3
piz,piz,Pije,iso639_3
pjt,pjt,Pitjantjatjara,iso639_3
pka,pka,Ardhamāgadhī Prākrit,iso639_3
pkb,pkb,Pokomo,iso639_3
pkc,pkc,Paekche,iso639_3
pkg,pkg,Pak-Tong,iso639_3
pkh,pkh,Pankhu,iso639_3
pkn,pkn,Pakanha,iso639_3
pko,pko,Pökoot,iso639_3
pkp,pkp,Pukapuka,iso639_3
pkr,pkr,Attapady Kurumba,iso639_3
pks,pks,Pakistan Sign Language,iso639_3
pkt,pkt,Maleng,iso639_3
pku,pku,Paku,iso639_3
pla,pla,Miani,iso639_3
plb,plb,Polonombauk,iso639_3
plc,plc,Central Palawano,iso639_3
pld,pld,Polari,iso639_3
ple,ple,Palu'e,iso639_3
plf,plf,Central Malayo-Polynesian languages,iso639_5_collection
plg,plg,Pilagá,iso639_3
plh,plh,Paulohi,iso639_3
pli,pli,Pali,iso639_3
plj,plj,Polci,iso639_3
plk,plk,Kohistani Shina,iso639_3
pll,pll,Shwe Palaung,iso639_3
pln,pln,Palenquero,iso639_3
plo,plo,Oluta Popoluca,iso639_3
plq,plq,Palaic,iso639_3
plr,plr,Palaka Senoufo,iso639_3
pls,pls,San Marcos Tlacoyalco Popoloca,iso639_3
plt,plt,Plateau Malagasy,iso639_3
plu,plu,Palikúr,iso639_3
plv,plv,Southwest Palawano,iso639_3
plw,plw,Brooke's Point Palawano,iso639_3
ply,ply,Bolyu,iso639_3
plz,plz,Paluan,iso639_3
pma,pma,Paama,iso639_3
pmb,pmb,Pambia,iso639_3
pmd,pmd,Pallanganmiddang,iso639_3
pme,pme,Pwaamei,iso639_3
pmf,pmf,Pamona,iso639_3
pmh,pmh,Māhārāṣṭri Prākrit,iso639_3
pmi,pmi,Northern Pumi,iso639_3
pmj,pmj,Southern Pumi,iso639_3
pmk,pmk,Pamlico,iso639_3
pml,pml,Lingua Franca,iso639_3
pmm,pmm,Pomo,iso639_3
pmn,pmn,Pam,iso639_3
pmo,pmo,Pom,iso639_3
pmq,pmq,Northern Pame,iso639_3
pmr,pmr,Paynamar,iso639_3
pms,pms,Piemontese,iso639_3
pmt,pmt,Tuamotuan,iso639_3
pmw,pmw,Plains Miwok,iso639_3
pmx,pmx,Poumei Naga,iso639_3
pmy,pmy,Papuan Malay,iso639_3
pmz,pmz,Southern Pame,iso639_3
pna,pna,Punan Bah-Biau,iso639_3
pnb,pnb,Western Panjabi,iso639_3
pnc,pnc,Pannei,iso639_3
pnd,pnd,Mpinda,iso639_3
pne,pne,Western Penan,iso639_3
png,png,Pangu,iso639_3
pnh,pnh,Penrhyn,iso639_3
pni,pni,Aoheng,iso639_3
pnj,pnj,Pinjarup,iso639_3
pnk,pnk,Paunaka,iso639_3
pnl,pnl,Paleni,iso639_3
pnm,pnm,Punan Batu 1,iso639_3
pnn,pnn,Pinai-Hagahai,iso639_3
pno,pno,Panobo,iso639_3
pnp,pnp,Pancana,iso639_3
pnq,pnq,Pana (Burkina Faso),iso639_3
pnr,pnr,Panim,iso639_3
pns,pns,Ponosakan,iso639_3
pnt,pnt,Pontic,iso639_3
pnu,pnu,Jiongnai Bunu,iso639_3
pnv,pnv,Pinigura,iso639_3
pnw,pnw,Banyjima,iso639_3
pnx,pnx,Phong-Kniang,iso639_3
pny,pny,Pinyin,iso639_3
pnz,pnz,Pana (Central African Republic),iso639_3
poc,poc,Poqomam,iso639_3
poe,poe,San Juan Atzingo Popoloca,iso639_3
pof,pof,Poke,iso639_3
pog,pog,Potiguára,iso639_3
poh,poh,Poqomchi',iso639_3
poi,poi,Highland Popoluca,iso639_3
pok,pok,Pokangá,iso639_3
pol,pol,Polish,iso639_3
pom,pom,Southeastern Pomo,iso639_3
pon,pon,Pohnpeian,iso639_3
poo,poo,Central Pomo,iso639_3
pop,pop,Pwapwâ,iso639_3
poq,poq,Texistepec Popoluca,iso639_3
por,por,Portuguese,iso639_3
pos,pos,Sayula Popoluca,iso639_3
pot,pot,Potawatomi,iso639_3
pov,pov,Upper Guinea Crioulo,iso639_3
pow,pow,San Felipe Otlaltepec Popoloca,iso639_3
pox,pox,Polabian,iso639_3
poy,poy,Pogolo,iso639_3
poz,poz,Malayo-Polynesian languages,iso639_5_collection
ppe,ppe,Papi,iso639_3
ppi,ppi,Paipai,iso639_3
ppk,ppk,Uma,iso639_3
ppl,ppl,Pipil,iso639_3
ppm,ppm,Papuma,iso639_3
ppn,ppn,Papapana,iso639_3
ppo,ppo,Folopa,iso639_3
ppp,ppp,Pelende,iso639_3
ppq,ppq,Pei,iso639_3
pps,pps,San Luís Temalacayuca Popoloca,iso639_3
ppt,ppt,Pare,iso639_3
ppu,ppu,Papora,iso639_3
pqa,pqa,Pa'a,iso639_3
pqe,pqe,Eastern Malayo-Polynesian languages,iso639_5_collection
pqm,pqm,Malecite-Passamaquoddy,iso639_3
pqw,pqw,Western Malayo-Polynesian languages,iso639_5_collection
pra,pra,Prakrit languages,iso639_5_collection
prc,prc,Parachi,iso639_3
prd,prd,Parsi-Dari,iso639_3
pre,pre,Principense,iso639_3
prf,prf,Paranan,iso639_3
prg,prg,Prussian,iso639_3
prh,prh,Porohanon,iso639_3
pri,pri,Paicî,iso639_3
prk,prk,Parauk,iso639_3
prl,prl,Peruvian Sign Language,iso639_3
prm,prm,Kibiri,iso639_3
prn,prn,Prasuni,iso639_3
pro,pro,Old Provençal (to 1500),iso639_3
prp,prp,Parsi,iso639_3
prq,prq,Ashéninka Perené,iso639_3
prr,prr,Puri,iso639_3
prs,prs,Dari,iso639_3
prt,prt,Phai,iso639_3
pru,pru,Puragi,iso639_3
prw,prw,Parawen,iso639_3
prx,prx,Purik,iso639_3
prz,prz,Providencia Sign Language,iso639_3
psa,psa,Asue Awyu,iso639_3
psc,psc,Iranian Sign Language,iso639_3
psd,psd,Plains Indian Sign Language,iso639_3
pse,pse,Central Malay,iso639_3
psg,psg,Penang Sign Language,iso639_3
psh,psh,Southwest Pashai,iso639_3
psi,psi,Southeast Pashai,iso639_3
psl,psl,Puerto Rican Sign Language,iso639_3
psm,psm,Pauserna,iso639_3
psn,psn,Panasuan,iso639_3
pso,pso,Polish Sign Language,iso639_3
psp,psp,Philippine Sign Language,iso639_3
psq,psq,Pasi,iso639_3
psr,psr,Portuguese Sign Language,iso639_3
pss,pss,Kaulong,iso639_3
pst,pst,Central Pashto,iso639_3
psu,psu,Sauraseni Prākrit,iso639_3
psw,psw,Port Sandwich,iso639_3
psy,psy,Piscataway,iso639_3
pta,pta,Pai Tavytera,iso639_3
pth,pth,Pataxó Hã-Ha-Hãe,iso639_3
pti,pti,Pindiini,iso639_3
ptn,ptn,Patani,iso639_3
pto,pto,Zo'é,iso639_3
ptp,ptp,Patep,iso639_3
ptq,ptq,Pattapu,iso639_3
ptr,ptr,Piamatsina,iso639_3
ptt,ptt,Enrekang,iso639_3
ptu,ptu,Bambam,iso639_3
ptv,ptv,Port Vato,iso639_3
ptw,ptw,Pentlatch,iso639_3
pty,pty,Pathiya,iso639_3
pua,pua,Western Highland Purepecha,iso639_3
pub,pub,Purum,iso639_3
puc,puc,Punan Merap,iso639_3
pud,pud,Punan Aput,iso639_3
pue,pue,Puelche,iso639_3
puf,puf,Punan Merah,iso639_3
pug,pug,Phuie,iso639_3
pui,pui,Puinave,iso639_3
puj,puj,Punan Tubu,iso639_3
pum,pum,Puma,iso639_3
puo,puo,Puoc,iso639_3
pup,pup,Pulabu,iso639_3
puq,puq,Puquina,iso639_3
pur,pur,Puruborá,iso639_3
pus,pus,Pushto,iso639_3
put,put,Putoh,iso639_3
puu,puu,Punu,iso639_3
puw,puw,Puluwatese,iso639_3
pux,pux,Puare,iso639_3
puy,puy,Purisimeño,iso639_3
pwa,pwa,Pawaia,iso639_3
pwb,pwb,Panawa,iso639_3
pwg,pwg,Gapapaiwa,iso639_3
pwi,pwi,Patwin,iso639_3
pwm,pwm,Molbog,iso639_3
pwn,pwn,Paiwan,iso639_3
pwo,pwo,Pwo Western Karen,iso639_3
pwr,pwr,Powari,iso639_3
pww,pww,Pwo Northern Karen,iso639_3
pxm,pxm,Quetzaltepec Mixe,iso639_3
pye,pye,Pye Krumen,iso639_3
pym,pym,Fyam,iso639_3
pyn,pyn,Poyanáwa,iso639_3
pys,pys,Paraguayan Sign Language,iso639_3
pyu,pyu,Puyuma,iso639_3
pyx,pyx,Pyu (Myanmar),iso639_3
pyy,pyy,Pyen,iso639_3
pzh,pzh,Pazeh,iso639_3
pzn,pzn,Jejara Naga,iso639_3
qua,qua,Quapaw,iso639_3
qub,qub,Huallaga Huánuco Quechua,iso639_3
quc,quc,K'iche',iso639_3
qud,qud,Calderón Highland Quichua,iso639_3
que,que,Quechua,iso639_3
quf,quf,Lambayeque Quechua,iso639_3
qug,qug,Chimborazo Highland Quichua,iso639_3
quh,quh,South Bolivian Quechua,iso639_3
qui,qui,Quileute,iso639_3
quk,quk,Chachapoyas Quechua,iso639_3
qul,qul,North Bolivian Quechua,iso639_3
qum,qum,Sipacapense,iso639_3
qun,qun,Quinault,iso639_3
qup,qup,Southern Pastaza Quechua,iso639_3
quq,quq,Quinqui,iso639_3
qur,qur,Yanahuanca Pasco Quechua,iso639_3
qus,qus,Santiago del Estero Quichua,iso639_3
quv,quv,Sacapulteco,iso639_3
quw,quw,Tena Lowland Quichua,iso639_3
qux,qux,Yauyos Quechua,iso639_3
quy,quy,Ayacucho Quechua,iso639_3
quz,quz,Cusco Quechua,iso639_3
qva,qva,Ambo-Pasco Quechua,iso639_3
qvc,qvc,Cajamarca Quechua,iso639_3
qve,qve,Eastern Apurímac Quechua,iso639_3
qvh,qvh,Huamalíes-Dos de Mayo Huánuco Quechua,iso639_3
qvi,qvi,Imbabura Highland Quichua,iso639_3
qvj,qvj,Loja Highland Quichua,iso639_3
qvl,qvl,Cajatambo North Lima Quechua,iso639_3
qvm,qvm,Margos-Yarowilca-Lauricocha Quechua,iso639_3
qvn,qvn,North Junín Quechua,iso639_3
qvo,qvo,Napo Lowland Quechua,iso639_3
qvp,qvp,Pacaraos Quechua,iso639_3
qvs,qvs,San Martín Quechua,iso639_3
qvw,qvw,Huaylla Wanca Quechua,iso639_3
qvy,qvy,Queyu,iso639_3
qvz,qvz,Northern Pastaza Quichua,iso639_3
qwa,qwa,Corongo Ancash Quechua,iso639_3
qwc,qwc,Classical Quechua,iso639_3
qwe,qwe,Quechuan (family),iso639_5_collection
qwh,qwh,Huaylas Ancash Quechua,iso639_3
qwm,qwm,Kuman (Russia),iso639_3
qws,qws,Sihuas Ancash Quechua,iso639_3
qwt,qwt,Kwalhioqua-Tlatskanai,iso639_3
qxa,qxa,Chiquián Ancash Quechua,iso639_3
qxc,qxc,Chincha Quechua,iso639_3
qxh,qxh,Panao Huánuco Quechua,iso639_3
qxl,qxl,Salasaca Highland Quichua,iso639_3
qxn,qxn,Northern Conchucos Ancash Quechua,iso639_3
qxo,qxo,Southern Conchucos Ancash Quechua,iso639_3
qxp,qxp,Puno Quechua,iso639_3
qxq,qxq,Qashqa'i,iso639_3
qxr,qxr,Cañar Highland Quichua,iso639_3
qxs,qxs,Southern Qiang,iso639_3
qxt,qxt,Santa Ana de Tusi Pasco Quechua,iso639_3
qxu,qxu,Arequipa-La Unión Quechua,iso639_3
qxw,qxw,Jauja Wanca Quechua,iso639_3
qya,qya,Quenya,iso639_3
qyp,qyp,Quiripi,iso639_3
raa,raa,Dungmali,iso639_3
rab,rab,Camling,iso639_3
rac,rac,Rasawa,iso639_3
rad,rad,Rade,iso639_3
raf,raf,Western Meohang,iso639_3
rag,rag,Logooli,iso639_3
rah,rah,Rabha,iso639_3
rai,rai,Ramoaaina,iso639_3
raj,raj,Rajasthani,iso639_3
rak,rak,Tulu-Bohuai,iso639_3
ral,ral,Ralte,iso639_3
ram,ram,Canela,iso639_3
ran,ran,Riantana,iso639_3
rao,rao,Rao,iso639_3
rap,rap,Rapanui,iso639_3
raq,raq,Saam,iso639_3
rar,rar,Rarotongan,iso639_3
ras,ras,Tegali,iso639_3
rat,rat,Razajerdi,iso639_3
rau,rau,Raute,iso639_3
rav,rav,Sampang,iso639_3
raw,raw,Rawang,iso639_3
rax,rax,Rang,iso639_3
ray,ray,Rapa,iso639_3
raz,raz,Rahambuu,iso639_3
rbb,rbb,Rumai Palaung,iso639_3
rbk,rbk,Northern Bontok,iso639_3
rbl,rbl,Miraya Bikol,iso639_3
rbp,rbp,Barababaraba,iso639_3
rcf,rcf,Réunion Creole French,iso639_3
rdb,rdb,Rudbari,iso639_3
rea,rea,Rerau,iso639_3
reb,reb,Rembong,iso639_3
ree,ree,Rejang Kayan,iso639_3
reg,reg,Kara (Tanzania),iso639_3
rei,rei,Reli,iso639_3
rej,rej,Rejang,iso639_3
rel,rel,Rendille,iso639_3
rem,rem,Remo,iso639_3
ren,ren,Rengao,iso639_3
rer,rer,Rer Bare,iso639_3
res,res,Reshe,iso639_3
ret,ret,Retta,iso639_3
rey,rey,Reyesano,iso639_3
rga,rga,Roria,iso639_3
rge,rge,Romano-Greek,iso639_3
rgk,rgk,Rangkas,iso639_3
rgn,rgn,Romagnol,iso639_3
rgr,rgr,Resígaro,iso639_3
rgs,rgs,Southern Roglai,iso639_3
rgu,rgu,Ringgou,iso639_3
rhg,rhg,Rohingya,iso639_3
rhp,rhp,Yahang,iso639_3
ria,ria,Riang (India),iso639_3
rib,rib,Bribri Sign Language,iso639_3
rif,rif,Tarifit,iso639_3
ril,ril,Riang Lang,iso639_3
rim,rim,Nyaturu,iso639_3
rin,rin,Nungu,iso639_3
rir,rir,Ribun,iso639_3
rit,rit,Ritharrngu,iso639_3
riu,riu,Riung,iso639_3
rjg,rjg,Rajong,iso639_3
rji,rji,Raji,iso639_3
rjs,rjs,Rajbanshi,iso639_3
rka,rka,Kraol,iso639_3
rkb,rkb,Rikbaktsa,iso639_3
rkh,rkh,Rakahanga-Manihiki,iso639_3
rki,rki,Rakhine,iso639_3
rkm,rkm,Marka,iso639_3
rkt,rkt,Rangpuri,iso639_3
rkw,rkw,Arakwal,iso639_3
rma,rma,Rama,iso639_3
rmb,rmb,Rembarrnga,iso639_3
rmc,rmc,Carpathian Romani,iso639_3
rmd,rmd,Traveller Danish,iso639_3
rme,rme,Angloromani,iso639_3
rmf,rmf,Kalo Finnish Romani,iso639_3
rmg,rmg,Traveller Norwegian,iso639_3
rmh,rmh,Murkim,iso639_3
rmi,rmi,Lomavren,iso639_3
rmk,rmk,Romkun,iso639_3
rml,rml,Baltic Romani,iso639_3
rmm,rmm,Roma,iso639_3
rmn,rmn,Balkan Romani,iso639_3
rmo,rmo,Sinte Romani,iso639_3
rmp,rmp,Rempi,iso639_3
rmq,rmq,Caló,iso639_3
rms,rms,Romanian Sign Language,iso639_3
rmt,rmt,Domari,iso639_3
rmu,rmu,Tavringer Romani,iso639_3
rmv,rmv,Romanova,iso639_3
rmw,rmw,Welsh Romani,iso639_3
rmx,rmx,Romam,iso639_3
rmy,rmy,Vlax Romani,iso639_3
rmz,rmz,Marma,iso639_3
rnb,rnb,Brunca Sign Language,iso639_3
rnd,rnd,Ruund,iso639_3
rng,rng,Ronga,iso639_3
rnl,rnl,Ranglong,iso639_3
rnn,rnn,Roon,iso639_3
rnp,rnp,Rongpo,iso639_3
rnr,rnr,Nari Nari,iso639_3
rnw,rnw,Rungwa,iso639_3
roa,roa,Romance languages,iso639_5_collection
rob,rob,Tae',iso639_3
roc,roc,Cacgia Roglai,iso639_3
rod,rod,Rogo,iso639_3
roe,roe,Ronji,iso639_3
rof,rof,Rombo,iso639_3
rog,rog,Northern Roglai,iso639_3
roh,roh,Romansh,iso639_3
rol,rol,Romblomanon,iso639_3
rom,rom,Romany,iso639_3
ron,ron,Romanian,iso639_3
roo,roo,Rotokas,iso639_3
rop,rop,Kriol,iso639_3
ror,ror,Rongga,iso639_3
rou,rou,Runga,iso639_3
row,row,Dela-Oenale,iso639_3
rpn,rpn,Repanbitip,iso639_3
rpt,rpt,Rapting,iso639_3
rri,rri,Ririo,iso639_3
rro,rro,Waima,iso639_3
rrt,rrt,Arritinngithigh,iso639_3
rsb,rsb,Romano-Serbian,iso639_3
rsk,rsk,Ruthenian,iso639_3
rsl,rsl,Russian Sign Language,iso639_3
rsm,rsm,Miriwoong Sign Language,iso639_3
rsn,rsn,Rwandan Sign Language,iso639_3
rtc,rtc,Rungtu Chin,iso639_3
rth,rth,Ratahan,iso639_3
rtm,rtm,Rotuman,iso639_3
rts,rts,Yurats,iso639_3
rtw,rtw,Rathawi,iso639_3
rub,rub,Gungu,iso639_3
ruc,ruc,Ruuli,iso639_3
rue,rue,Rusyn,iso639_3
ruf,ruf,Luguru,iso639_3
rug,rug,Roviana,iso639_3
ruh,ruh,Ruga,iso639_3
rui,rui,Rufiji,iso639_3
ruk,ruk,Che,iso639_3
rum,ron,Romanian,iso639_2_bibliographic_alias
run,run,Rundi,iso639_3
ruo,ruo,Istro Romanian,iso639_3
rup,rup,Macedo-Romanian,iso639_3
ruq,ruq,Megleno Romanian,iso639_3
rus,rus,Russian,iso639_3
rut,rut,Rutul,iso639_3
ruu,ruu,Lanas Lobu,iso639_3
ruy,ruy,Mala (Nigeria),iso639_3
ruz,ruz,Ruma,iso639_3
rwa,rwa,Rawo,iso639_3
rwk,rwk,Rwa,iso639_3
rwl,rwl,Ruwila,iso639_3
rwm,rwm,Amba (Uganda),iso639_3
rwo,rwo,Rawa,iso639_3
rwr,rwr,Marwari (India),iso639_3
rxd,rxd,Ngardi,iso639_3
rxw,rxw,Karuwali,iso639_3
ryn,ryn,Northern Amami-Oshima,iso639_3
rys,rys,Yaeyama,iso639_3
ryu,ryu,Central Okinawan,iso639_3
rzh,rzh,Rāziḥī,iso639_3
saa,saa,Saba,iso639_3
sab,sab,Buglere,iso639_3
sac,sac,Meskwaki,iso639_3
sad,sad,Sandawe,iso639_3
sae,sae,Sabanê,iso639_3
saf,saf,Safaliba,iso639_3
sag,sag,Sango,iso639_3
sah,sah,Yakut,iso639_3
sai,sai,South American Indian languages,iso639_5_collection
saj,saj,Sahu,iso639_3
sak,sak,Sake,iso639_3
sal,sal,Salishan languages,iso639_5_collection
sam,sam,Samaritan Aramaic,iso639_3
san,san,Sanskrit,iso639_3
sao,sao,Sause,iso639_3
saq,saq,Samburu,iso639_3
sar,sar,Saraveca,iso639_3
sas,sas,Sasak,iso639_3
sat,sat,Santali,iso639_3
sau,sau,Saleman,iso639_3
sav,sav,Saafi-Saafi,iso639_3
saw,saw,Sawi,iso639_3
sax,sax,Sa,iso639_3
say,say,Saya,iso639_3
saz,saz,Saurashtra,iso639_3
sba,sba,Ngambay,iso639_3
sbb,sbb,Simbo,iso639_3
sbc,sbc,Kele (Papua New Guinea),iso639_3
sbd,sbd,Southern Samo,iso639_3
sbe,sbe,Saliba,iso639_3
sbf,sbf,Chabu,iso639_3
sbg,sbg,Seget,iso639_3
sbh,sbh,Sori-Harengan,iso639_3
sbi,sbi,Seti,iso639_3
sbj,sbj,Surbakhal,iso639_3
sbk,sbk,Safwa,iso639_3
sbl,sbl,Botolan Sambal,iso639_3
sbm,sbm,Sagala,iso639_3
sbn,sbn,Sindhi Bhil,iso639_3
sbo,sbo,Sabüm,iso639_3
sbp,sbp,Sangu (Tanzania),iso639_3
sbq,sbq,Sileibi,iso639_3
sbr,sbr,Sembakung Murut,iso639_3
sbs,sbs,Subiya,iso639_3
sbt,sbt,Kimki,iso639_3
sbu,sbu,Stod Bhoti,iso639_3
sbv,sbv,Sabine,iso639_3
sbw,sbw,Simba,iso639_3
sbx,sbx,Seberuang,iso639_3
sby,sby,Soli,iso639_3
sbz,sbz,Sara Kaba,iso639_3
scb,scb,Chut,iso639_3
sce,sce,Dongxiang,iso639_3
scf,scf,San Miguel Creole French,iso639_3
scg,scg,Sanggau,iso639_3
sch,sch,Sakachep,iso639_3
sci,sci,Sri Lankan Creole Malay,iso639_3
sck,sck,Sadri,iso639_3
scl,scl,Shina,iso639_3
scn,scn,Sicilian,iso639_3
sco,sco,Scots,iso639_3
scp,scp,Hyolmo,iso639_3
scq,scq,Sa'och,iso639_3
scs,scs,North Slavey,iso639_3
sct,sct,Southern Katang,iso639_3
scu,scu,Shumcho,iso639_3
scv,scv,Sheni,iso639_3
scw,scw,Sha,iso639_3
scx,scx,Sicel,iso639_3
sda,sda,Toraja-Sa'dan,iso639_3
sdb,sdb,Shabak,iso639_3
sdc,sdc,Sassarese Sardinian,iso639_3
sde,sde,Surubu,iso639_3
sdf,sdf,Sarli,iso639_3
sdg,sdg,Savi,iso639_3
sdh,sdh,Southern Kurdish,iso639_3
sdj,sdj,Suundi,iso639_3
sdk,sdk,Sos Kundi,iso639_3
sdl,sdl,Saudi Arabian Sign Language,iso639_3
sdn,sdn,Gallurese Sardinian,iso639_3
sdo,sdo,Bukar-Sadung Bidayuh,iso639_3
sdp,sdp,Sherdukpen,iso639_3
sdq,sdq,Semandang,iso639_3
sdr,sdr,Oraon Sadri,iso639_3
sds,sds,Sened,iso639_3
sdt,sdt,Shuadit,iso639_3
sdu,sdu,Sarudu,iso639_3
sdv,sdv,Eastern Sudanic languages,iso639_5_collection
sdx,sdx,Sibu Melanau,iso639_3
sdz,sdz,Sallands,iso639_3
sea,sea,Semai,iso639_3
seb,seb,Shempire Senoufo,iso639_3
sec,sec,Sechelt,iso639_3
sed,sed,Sedang,iso639_3
see,see,Seneca,iso639_3
sef,sef,Cebaara Senoufo,iso639_3
seg,seg,Segeju,iso639_3
seh,seh,Sena,iso639_3
sei,sei,Seri,iso639_3
sej,sej,Sene,iso639_3
sek,sek,Sekani,iso639_3
sel,sel,Selkup,iso639_3
sem,sem,Semitic languages,iso639_5_collection
sen,sen,Nanerigé Sénoufo,iso639_3
seo,seo,Suarmin,iso639_3
sep,sep,Sìcìté Sénoufo,iso639_3
seq,seq,Senara Sénoufo,iso639_3
ser,ser,Serrano,iso639_3
ses,ses,Koyraboro Senni Songhai,iso639_3
set,set,Sentani,iso639_3
seu,seu,Serui-Laut,iso639_3
sev,sev,Nyarafolo Senoufo,iso639_3
sew,sew,Sewa Bay,iso639_3
sey,sey,Secoya,iso639_3
sez,sez,Senthang Chin,iso639_3
sfb,sfb,Langue des signes de Belgique Francophone,iso639_3
sfe,sfe,Eastern Subanen,iso639_3
sfm,sfm,Small Flowery Miao,iso639_3
sfs,sfs,South African Sign Language,iso639_3
sfw,sfw,Sehwi,iso639_3
sga,sga,Old Irish (to 900),iso639_3
sgb,sgb,Mag-antsi Ayta,iso639_3
sgc,sgc,Kipsigis,iso639_3
sgd,sgd,Surigaonon,iso639_3
sge,sge,Segai,iso639_3
sgg,sgg,Swiss-German Sign Language,iso639_3
sgh,sgh,Shughni,iso639_3
sgi,sgi,Suga,iso639_3
sgj,sgj,Surgujia,iso639_3
sgk,sgk,Sangkong,iso639_3
sgm,sgm,Singa,iso639_3
sgn,sgn,sign languages,iso639_5_collection
sgp,sgp,Singpho,iso639_3
sgr,sgr,Sangisari,iso639_3
sgs,sgs,Samogitian,iso639_3
sgt,sgt,Brokpake,iso639_3
sgu,sgu,Salas,iso639_3
sgw,sgw,Sebat Bet Gurage,iso639_3
sgx,sgx,Sierra Leone Sign Language,iso639_3
sgy,sgy,Sanglechi,iso639_3
sgz,sgz,Sursurunga,iso639_3
sha,sha,Shall-Zwall,iso639_3
shb,shb,Ninam,iso639_3
shc,shc,Sonde,iso639_3
shd,shd,Kundal Shahi,iso639_3
she,she,Sheko,iso639_3
shg,shg,Shua,iso639_3
shh,shh,Shoshoni,iso639_3
shi,shi,Tachelhit,iso639_3
shj,shj,Shatt,iso639_3
shk,shk,Shilluk,iso639_3
shl,shl,Shendu,iso639_3
shm,shm,Shahrudi,iso639_3
shn,shn,Shan,iso639_3
sho,sho,Shanga,iso639_3
shp,shp,Shipibo-Conibo,iso639_3
shq,shq,Sala,iso639_3
shr,shr,Shi,iso639_3
shs,shs,Shuswap,iso639_3
sht,sht,Shasta,iso639_3
shu,shu,Chadian Arabic,iso639_3
shv,shv,Shehri,iso639_3
shw,shw,Shwai,iso639_3
shx,shx,She,iso639_3
shy,shy,Tachawit,iso639_3
shz,shz,Syenara Senoufo,iso639_3
sia,sia,Akkala Sami,iso639_3
sib,sib,Sebop,iso639_3
sid,sid,Sidamo,iso639_3
sie,sie,Simaa,iso639_3
sif,sif,Siamou,iso639_3
sig,sig,Paasaal,iso639_3
sih,sih,Zire,iso639_3
sii,sii,Shom Peng,iso639_3
sij,sij,Numbami,iso639_3
sik,sik,Sikiana,iso639_3
sil,sil,Tumulung Sisaala,iso639_3
sim,sim,Mende (Papua New Guinea),iso639_3
sin,sin,Sinhala,iso639_3
sio,sio,Siouan languages,iso639_5_collection
sip,sip,Sikkimese,iso639_3
siq,siq,Sonia,iso639_3
sir,sir,Siri,iso639_3
sis,sis,Siuslaw,iso639_3
sit,sit,Sino-Tibetan languages,iso639_5_collection
siu,siu,Sinagen,iso639_3
siv,siv,Sumariup,iso639_3
siw,siw,Siwai,iso639_3
six,six,Sumau,iso639_3
siy,siy,Sivandi,iso639_3
siz,siz,Siwi,iso639_3
sja,sja,Epena,iso639_3
sjb,sjb,Sajau Basap,iso639_3
sjd,sjd,Kildin Sami,iso639_3
sje,sje,Pite Sami,iso639_3
sjg,sjg,Assangori,iso639_3
sjk,sjk,Kemi Sami,iso639_3
sjl,sjl,Sajalong,iso639_3
sjm,sjm,Mapun,iso639_3
sjn,sjn,Sindarin,iso639_3
sjo,sjo,Xibe,iso639_3
sjp,sjp,Surjapuri,iso639_3
sjr,sjr,Siar-Lak,iso639_3
sjs,sjs,Senhaja De Srair,iso639_3
sjt,sjt,Ter Sami,iso639_3
sju,sju,Ume Sami,iso639_3
sjw,sjw,Shawnee,iso639_3
ska,ska,Skagit,iso639_3
skb,skb,Saek,iso639_3
skc,skc,Ma Manda,iso639_3
skd,skd,Southern Sierra Miwok,iso639_3
ske,ske,Seke (Vanuatu),iso639_3
skf,skf,Sakirabiá,iso639_3
skg,skg,Sakalava Malagasy,iso639_3
skh,skh,Sikule,iso639_3
ski,ski,Sika,iso639_3
skj,skj,Seke (Nepal),iso639_3
skm,skm,Kutong,iso639_3
skn,skn,Kolibugan Subanon,iso639_3
sko,sko,Seko Tengah,iso639_3
skp,skp,Sekapan,iso639_3
skq,skq,Sininkere,iso639_3
skr,skr,Saraiki,iso639_3
sks,sks,Maia,iso639_3
skt,skt,Sakata,iso639_3
sku,sku,Sakao,iso639_3
skv,skv,Skou,iso639_3
skw,skw,Skepi Creole Dutch,iso639_3
skx,skx,Seko Padang,iso639_3
sky,sky,Sikaiana,iso639_3
skz,skz,Sekar,iso639_3
sla,sla,Slavic languages,iso639_5_collection
slc,slc,Sáliba,iso639_3
sld,sld,Sissala,iso639_3
sle,sle,Sholaga,iso639_3
slf,slf,Swiss-Italian Sign Language,iso639_3
slg,slg,Selungai Murut,iso639_3
slh,slh,Southern Puget Sound Salish,iso639_3
sli,sli,Lower Silesian,iso639_3
slj,slj,Salumá,iso639_3
slk,slk,Slovak,iso639_3
sll,sll,Salt-Yui,iso639_3
slm,slm,Pangutaran Sama,iso639_3
sln,sln,Salinan,iso639_3
slo,slk,Slovak,iso639_2_bibliographic_alias
slp,slp,Lamaholot,iso639_3
slq,slq,Salchuq,iso639_3
slr,slr,Salar,iso639_3
sls,sls,Singapore Sign Language,iso639_3
slt,slt,Sila,iso639_3
slu,slu,Selaru,iso639_3
slv,slv,Slovenian,iso639_3
slw,slw,Sialum,iso639_3
slx,slx,Salampasu,iso639_3
sly,sly,Selayar,iso639_3
slz,slz,Ma'ya,iso639_3
sma,sma,Southern Sami,iso639_3
smb,smb,Simbari,iso639_3
smc,smc,Som,iso639_3
sme,sme,Northern Sami,iso639_3
smf,smf,Auwe,iso639_3
smg,smg,Simbali,iso639_3
smh,smh,Samei,iso639_3
smi,smi,Sami languages,iso639_5_collection
smj,smj,Lule Sami,iso639_3
smk,smk,Bolinao,iso639_3
sml,sml,Central Sama,iso639_3
smm,smm,Musasa,iso639_3
smn,smn,Inari Sami,iso639_3
smo,smo,Samoan,iso639_3
smp,smp,Samaritan,iso639_3
smq,smq,Samo,iso639_3
smr,smr,Simeulue,iso639_3
sms,sms,Skolt Sami,iso639_3
smt,smt,Simte,iso639_3
smu,smu,Somray,iso639_3
smv,smv,Samvedi,iso639_3
smw,smw,Sumbawa,iso639_3
smx,smx,Samba,iso639_3
smy,smy,Semnani,iso639_3
smz,smz,Simeku,iso639_3
sna,sna,Shona,iso639_3
snc,snc,Sinaugoro,iso639_3
snd,snd,Sindhi,iso639_3
sne,sne,Bau Bidayuh,iso639_3
snf,snf,Noon,iso639_3
sng,sng,Sanga (Democratic Republic of Congo),iso639_3
sni,sni,Sensi,iso639_3
snj,snj,Riverain Sango,iso639_3
snk,snk,Soninke,iso639_3
snl,snl,Sangil,iso639_3
snm,snm,Southern Ma'di,iso639_3
snn,snn,Siona,iso639_3
sno,sno,Snohomish,iso639_3
snp,snp,Siane,iso639_3
snq,snq,Sangu (Gabon),iso639_3
snr,snr,Sihan,iso639_3
sns,sns,South West Bay,iso639_3
snu,snu,Senggi,iso639_3
snv,snv,Sa'ban,iso639_3
snw,snw,Selee,iso639_3
snx,snx,Sam,iso639_3
sny,sny,Saniyo-Hiyewe,iso639_3
snz,snz,Kou,iso639_3
soa,soa,Thai Song,iso639_3
sob,sob,Sobei,iso639_3
soc,soc,So (Democratic Republic of Congo),iso639_3
sod,sod,Songoora,iso639_3
soe,soe,Songomeno,iso639_3
sog,sog,Sogdian,iso639_3
soh,soh,Aka,iso639_3
soi,soi,Sonha,iso639_3
soj,soj,Soi,iso639_3
sok,sok,Sokoro,iso639_3
sol,sol,Solos,iso639_3
som,som,Somali,iso639_3
son,son,Songhai languages,iso639_5_collection
soo,soo,Songo,iso639_3
sop,sop,Songe,iso639_3
soq,soq,Kanasi,iso639_3
sor,sor,Somrai,iso639_3
sos,sos,Seeku,iso639_3
sot,sot,Southern Sotho,iso639_3
sou,sou,Southern Thai,iso639_3
sov,sov,Sonsorol,iso639_3
sow,sow,Sowanda,iso639_3
sox,sox,Swo,iso639_3
soy,soy,Miyobe,iso639_3
soz,soz,Temi,iso639_3
spa,spa,Spanish,iso639_3
spb,spb,Sepa (Indonesia),iso639_3
spc,spc,Sapé,iso639_3
spd,spd,Saep,iso639_3
spe,spe,Sepa (Papua New Guinea),iso639_3
spg,spg,Sian,iso639_3
spi,spi,Saponi,iso639_3
spk,spk,Sengo,iso639_3
spl,spl,Selepet,iso639_3
spm,spm,Akukem,iso639_3
spn,spn,Sanapaná,iso639_3
spo,spo,Spokane,iso639_3
spp,spp,Supyire Senoufo,iso639_3
spq,spq,Loreto-Ucayali Spanish,iso639_3
spr,spr,Saparua,iso639_3
sps,sps,Saposa,iso639_3
spt,spt,Spiti Bhoti,iso639_3
spu,spu,Sapuan,iso639_3
spv,spv,Sambalpuri,iso639_3
spx,spx,South Picene,iso639_3
spy,spy,Sabaot,iso639_3
sqa,sqa,Shama-Sambuga,iso639_3
sqh,sqh,Shau,iso639_3
sqi,sqi,Albanian,iso639_3
sqj,sqj,Albanian languages,iso639_5_collection
sqk,sqk,Albanian Sign Language,iso639_3
sqm,sqm,Suma,iso639_3
sqn,sqn,Susquehannock,iso639_3
sqo,sqo,Sorkhei,iso639_3
sqq,sqq,Sou,iso639_3
sqr,sqr,Siculo Arabic,iso639_3
sqs,sqs,Sri Lankan Sign Language,iso639_3
sqt,sqt,Soqotri,iso639_3
squ,squ,Squamish,iso639_3
sqx,sqx,Kufr Qassem Sign Language (KQSL),iso639_3
sra,sra,Saruga,iso639_3
srb,srb,Sora,iso639_3
src,src,Logudorese Sardinian,iso639_3
srd,srd,Sardinian,iso639_3
sre,sre,Sara,iso639_3
srf,srf,Nafi,iso639_3
srg,srg,Sulod,iso639_3
srh,srh,Sarikoli,iso639_3
sri,sri,Siriano,iso639_3
srk,srk,Serudung Murut,iso639_3
srl,srl,Isirawa,iso639_3
srm,srm,Saramaccan,iso639_3
srn,srn,Sranan Tongo,iso639_3
sro,sro,Campidanese Sardinian,iso639_3
srp,srp,Serbian,iso639_3
srq,srq,Sirionó,iso639_3
srr,srr,Serer,iso639_3
srs,srs,Sarsi,iso639_3
srt,srt,Sauri,iso639_3
sru,sru,Suruí,iso639_3
srv,srv,Southern Sorsoganon,iso639_3
srw,srw,Serua,iso639_3
srx,srx,Sirmauri,iso639_3
sry,sry,Sera,iso639_3
srz,srz,Shahmirzadi,iso639_3
ssa,ssa,Nilo-Saharan languages,iso639_5_collection
ssb,ssb,Southern Sama,iso639_3
ssc,ssc,Suba-Simbiti,iso639_3
ssd,ssd,Siroi,iso639_3
sse,sse,Balangingi,iso639_3
ssf,ssf,Thao,iso639_3
ssg,ssg,Seimat,iso639_3
ssh,ssh,Shihhi Arabic,iso639_3
ssi,ssi,Sansi,iso639_3
ssj,ssj,Sausi,iso639_3
ssk,ssk,Sunam,iso639_3
ssl,ssl,Western Sisaala,iso639_3
ssm,ssm,Semnam,iso639_3
ssn,ssn,Waata,iso639_3
sso,sso,Sissano,iso639_3
ssp,ssp,Spanish Sign Language,iso639_3
ssq,ssq,So'a,iso639_3
ssr,ssr,Swiss-French Sign Language,iso639_3
sss,sss,Sô,iso639_3
sst,sst,Sinasina,iso639_3
ssu,ssu,Susuami,iso639_3
ssv,ssv,Shark Bay,iso639_3
ssw,ssw,Swati,iso639_3
ssx,ssx,Samberigi,iso639_3
ssy,ssy,Saho,iso639_3
ssz,ssz,Sengseng,iso639_3
sta,sta,Settla,iso639_3
stb,stb,Northern Subanen,iso639_3
std,std,Sentinel,iso639_3
ste,ste,Liana-Seti,iso639_3
stf,stf,Seta,iso639_3
stg,stg,Trieng,iso639_3
sth,sth,Shelta,iso639_3
sti,sti,Bulo Stieng,iso639_3
stj,stj,Matya Samo,iso639_3
stk,stk,Arammba,iso639_3
stl,stl,Stellingwerfs,iso639_3
stm,stm,Setaman,iso639_3
stn,stn,Owa,iso639_3
sto,sto,Stoney,iso639_3
stp,stp,Southeastern Tepehuan,iso639_3
stq,stq,Saterfriesisch,iso639_3
str,str,Straits Salish,iso639_3
sts,sts,Shumashti,iso639_3
stt,stt,Budeh Stieng,iso639_3
stu,stu,Samtao,iso639_3
stv,stv,Silt'e,iso639_3
stw,stw,Satawalese,iso639_3
sty,sty,Siberian Tatar,iso639_3
sua,sua,Sulka,iso639_3
sub,sub,Suku,iso639_3
suc,suc,Western Subanon,iso639_3
sue,sue,Suena,iso639_3
sug,sug,Suganga,iso639_3
sui,sui,Suki,iso639_3
suj,suj,Shubi,iso639_3
suk,suk,Sukuma,iso639_3
sun,sun,Sundanese,iso639_3
suo,suo,Bouni,iso639_3
suq,suq,Tirmaga-Chai Suri,iso639_3
sur,sur,Mwaghavul,iso639_3
sus,sus,Susu,iso639_3
sut,sut,Subtiaba,iso639_3
suv,suv,Puroik,iso639_3
suw,suw,Sumbwa,iso639_3
sux,sux,Sumerian,iso639_3
suy,suy,Suyá,iso639_3
suz,suz,Sunwar,iso639_3
sva,sva,Svan,iso639_3
svb,svb,Ulau-Suain,iso639_3
svc,svc,Vincentian Creole English,iso639_3
sve,sve,Serili,iso639_3
svk,svk,Slovakian Sign Language,iso639_3
svm,svm,Slavomolisano,iso639_3
svs,svs,Savosavo,iso639_3
svx,svx,Skalvian,iso639_3
swa,swa,Swahili (macrolanguage),iso639_3
swb,swb,Maore Comorian,iso639_3
swc,swc,Congo Swahili,iso639_3
swe,swe,Swedish,iso639_3
swf,swf,Sere,iso639_3
swg,swg,Swabian,iso639_3
swh,swh,Swahili (individual language),iso639_3
swi,swi,Sui,iso639_3
swj,swj,Sira,iso639_3
swk,swk,Malawi Sena,iso639_3
swl,swl,Swedish Sign Language,iso639_3
swm,swm,Samosa,iso639_3
swn,swn,Sawknah,iso639_3
swo,swo,Shanenawa,iso639_3
swp,swp,Suau,iso639_3
swq,swq,Sharwa,iso639_3
swr,swr,Saweru,iso639_3
sws,sws,Seluwasan,iso639_3
swt,swt,Sawila,iso639_3
swu,swu,Suwawa,iso639_3
swv,swv,Shekhawati,iso639_3
sww,sww,Sowa,iso639_3
swx,swx,Suruahá,iso639_3
swy,swy,Sarua,iso639_3
sxb,sxb,Suba,iso639_3
sxc,sxc,Sicanian,iso639_3
sxe,sxe,Sighu,iso639_3
sxg,sxg,Shuhi,iso639_3
sxk,sxk,Southern Kalapuya,iso639_3
sxl,sxl,Selian,iso639_3
sxm,sxm,Samre,iso639_3
sxn,sxn,Sangir,iso639_3
sxo,sxo,Sorothaptic,iso639_3
sxr,sxr,Saaroa,iso639_3
sxs,sxs,Sasaru,iso639_3
sxu,sxu,Upper Saxon,iso639_3
sxw,sxw,Saxwe Gbe,iso639_3
sya,sya,Siang,iso639_3
syb,syb,Central Subanen,iso639_3
syc,syc,Classical Syriac,iso639_3
syd,syd,Samoyedic languages,iso639_5_collection
syi,syi,Seki,iso639_3
syk,syk,Sukur,iso639_3
syl,syl,Sylheti,iso639_3
sym,sym,Maya Samo,iso639_3
syn,syn,Senaya,iso639_3
syo,syo,Suoy,iso639_3
syr,syr,Syriac,iso639_3
sys,sys,Sinyar,iso639_3
syw,syw,Kagate,iso639_3
syx,syx,Samay,iso639_3
syy,syy,Al-Sayyid Bedouin Sign Language,iso639_3
sza,sza,Semelai,iso639_3
szb,szb,Ngalum,iso639_3
szc,szc,Semaq Beri,iso639_3
szd,szd,Seru,iso639_3
sze,sze,Seze,iso639_3
szg,szg,Sengele,iso639_3
szl,szl,Silesian,iso639_3
szn,szn,Sula,iso639_3
szp,szp,Suabo,iso639_3
szs,szs,Solomon Islands Sign Language,iso639_3
szv,szv,Isu (Fako Division),iso639_3
szw,szw,Sawai,iso639_3
szy,szy,Sakizaya,iso639_3
taa,taa,Lower Tanana,iso639_3
tab,tab,Tabassaran,iso639_3
tac,tac,Lowland Tarahumara,iso639_3
tad,tad,Tause,iso639_3
tae,tae,Tariana,iso639_3
taf,taf,Tapirapé,iso639_3
tag,tag,Tagoi,iso639_3
tah,tah,Tahitian,iso639_3
tai,tai,Tai languages,iso639_5_collection
taj,taj,Eastern Tamang,iso639_3
tak,tak,Tala,iso639_3
tal,tal,Tal,iso639_3
tam,tam,Tamil,iso639_3
tan,tan,Tangale,iso639_3
tao,tao,Yami,iso639_3
tap,tap,Taabwa,iso639_3
taq,taq,Tamasheq,iso639_3
tar,tar,Central Tarahumara,iso639_3
tas,tas,Tay Boi,iso639_3
tat,tat,Tatar,iso639_3
tau,tau,Upper Tanana,iso639_3
tav,tav,Tatuyo,iso639_3
taw,taw,Tai,iso639_3
tax,tax,Tamki,iso639_3
tay,tay,Atayal,iso639_3
taz,taz,Tocho,iso639_3
tba,tba,Aikanã,iso639_3
tbc,tbc,Takia,iso639_3
tbd,tbd,Kaki Ae,iso639_3
tbe,tbe,Tanimbili,iso639_3
tbf,tbf,Mandara,iso639_3
tbg,tbg,North Tairora,iso639_3
tbh,tbh,Dharawal,iso639_3
tbi,tbi,Gaam,iso639_3
tbj,tbj,Tiang,iso639_3
tbk,tbk,Calamian Tagbanwa,iso639_3
tbl,tbl,Tboli,iso639_3
tbm,tbm,Tagbu,iso639_3
tbn,tbn,Barro Negro Tunebo,iso639_3
tbo,tbo,Tawala,iso639_3
tbp,tbp,Taworta,iso639_3
tbq,tbq,Tibeto-Burman languages,iso639_5_collection
tbr,tbr,Tumtum,iso639_3
tbs,tbs,Tanguat,iso639_3
tbt,tbt,Tembo (Kitembo),iso639_3
tbu,tbu,Tubar,iso639_3
tbv,tbv,Tobo,iso639_3
tbw,tbw,Tagbanwa,iso639_3
tbx,tbx,Kapin,iso639_3
tby,tby,Tabaru,iso639_3
tbz,tbz,Ditammari,iso639_3
tca,tca,Ticuna,iso639_3
tcb,tcb,Tanacross,iso639_3
tcc,tcc,Datooga,iso639_3
tcd,tcd,Tafi,iso639_3
tce,tce,Southern Tutchone,iso639_3
tcf,tcf,Malinaltepec Me'phaa,iso639_3
tcg,tcg,Tamagario,iso639_3
tch,tch,Turks And Caicos Creole English,iso639_3
tci,tci,Wára,iso639_3
tck,tck,Tchitchege,iso639_3
tcl,tcl,Taman (Myanmar),iso639_3
tcm,tcm,Tanahmerah,iso639_3
tcn,tcn,Tichurong,iso639_3
tco,tco,Taungyo,iso639_3
tcp,tcp,Tawr Chin,iso639_3
tcq,tcq,Kaiy,iso639_3
tcs,tcs,Torres Strait Creole,iso639_3
tct,tct,T'en,iso639_3
tcu,tcu,Southeastern Tarahumara,iso639_3
tcw,tcw,Tecpatlán Totonac,iso639_3
tcx,tcx,Toda,iso639_3
tcy,tcy,Tulu,iso639_3
tcz,tcz,Thado Chin,iso639_3
tda,tda,Tagdal,iso639_3
tdb,tdb,Panchpargania,iso639_3
tdc,tdc,Emberá-Tadó,iso639_3
tdd,tdd,Tai Nüa,iso639_3
tde,tde,Tiranige Diga Dogon,iso639_3
tdf,tdf,Talieng,iso639_3
tdg,tdg,Western Tamang,iso639_3
tdh,tdh,Thulung,iso639_3
tdi,tdi,Tomadino,iso639_3
tdj,tdj,Tajio,iso639_3
tdk,tdk,Tambas,iso639_3
tdl,tdl,Sur,iso639_3
tdm,tdm,Taruma,iso639_3
tdn,tdn,Tondano,iso639_3
tdo,tdo,Teme,iso639_3
tdq,tdq,Tita,iso639_3
tdr,tdr,Todrah,iso639_3
tds,tds,Doutai,iso639_3
tdt,tdt,Tetun Dili,iso639_3
tdv,tdv,Toro,iso639_3
tdx,tdx,Tandroy-Mahafaly Malagasy,iso639_3
tdy,tdy,Tadyawan,iso639_3
tea,tea,Temiar,iso639_3
teb,teb,Tetete,iso639_3
tec,tec,Terik,iso639_3
ted,ted,Tepo Krumen,iso639_3
tee,tee,Huehuetla Tepehua,iso639_3
tef,tef,Teressa,iso639_3
teg,teg,Teke-Tege,iso639_3
teh,teh,Tehuelche,iso639_3
tei,tei,Torricelli,iso639_3
tek,tek,Ibali Teke,iso639_3
tel,tel,Telugu,iso639_3
tem,tem,Timne,iso639_3
ten,ten,Tama (Colombia),iso639_3
teo,teo,Teso,iso639_3
tep,tep,Tepecano,iso639_3
teq,teq,Temein,iso639_3
ter,ter,Tereno,iso639_3
tes,tes,Tengger,iso639_3
tet,tet,Tetum,iso639_3
teu,teu,Soo,iso639_3
tev,tev,Teor,iso639_3
tew,tew,Tewa (USA),iso639_3
tex,tex,Tennet,iso639_3
tey,tey,Tulishi,iso639_3
tez,tez,Tetserret,iso639_3
tfi,tfi,Tofin Gbe,iso639_3
tfn,tfn,Tanaina,iso639_3
tfo,tfo,Tefaro,iso639_3
tfr,tfr,Teribe,iso639_3
tft,tft,Ternate,iso639_3
tga,tga,Sagalla,iso639_3
tgb,tgb,Tobilung,iso639_3
tgc,tgc,Tigak,iso639_3
tgd,tgd,Ciwogai,iso639_3
tge,tge,Eastern Gorkha Tamang,iso639_3
tgf,tgf,Chalikha,iso639_3
tgh,tgh,Tobagonian Creole English,iso639_3
tgi,tgi,Lawunuia,iso639_3
tgj,tgj,Tagin,iso639_3
tgk,tgk,Tajik,iso639_3
tgl,tgl,Tagalog,iso639_3
tgn,tgn,Tandaganon,iso639_3
tgo,tgo,Sudest,iso639_3
tgp,tgp,Tangoa,iso639_3
tgq,tgq,Tring,iso639_3
tgr,tgr,Tareng,iso639_3
tgs,tgs,Nume,iso639_3
tgt,tgt,Central Tagbanwa,iso639_3
tgu,tgu,Tanggu,iso639_3
tgv,tgv,Tingui-Boto,iso639_3
tgw,tgw,Tagwana Senoufo,iso639_3
tgx,tgx,Tagish,iso639_3
tgy,tgy,Togoyo,iso639_3
tgz,tgz,Tagalaka,iso639_3
tha,tha,Thai,iso639_3
thd,thd,Kuuk Thaayorre,iso639_3
the,the,Chitwania Tharu,iso639_3
thf,thf,Thangmi,iso639_3
thh,thh,Northern Tarahumara,iso639_3
thi,thi,Tai Long,iso639_3
thk,thk,Tharaka,iso639_3
thl,thl,Dangaura Tharu,iso639_3
thm,thm,Aheu,iso639_3
thn,thn,Thachanadan,iso639_3
thp,thp,Thompson,iso639_3
thq,thq,Kochila Tharu,iso639_3
thr,thr,Rana Tharu,iso639_3
ths,ths,Thakali,iso639_3
tht,tht,Tahltan,iso639_3
thu,thu,Thuri,iso639_3
thv,thv,Tahaggart Tamahaq,iso639_3
thy,thy,Tha,iso639_3
thz,thz,Tayart Tamajeq,iso639_3
tia,tia,Tidikelt Tamazight,iso639_3
tib,bod,Tibetan,iso639_2_bibliographic_alias
tic,tic,Tira,iso639_3
tif,tif,Tifal,iso639_3
tig,tig,Tigre,iso639_3
tih,tih,Timugon Murut,iso639_3
tii,tii,Tiene,iso639_3
tij,tij,Tilung,iso639_3
tik,tik,Tikar,iso639_3
til,til,Tillamook,iso639_3
tim,tim,Timbe,iso639_3
tin,tin,Tindi,iso639_3
tio,tio,Teop,iso639_3
tip,tip,Trimuris,iso639_3
tiq,tiq,Tiéfo,iso639_3
tir,tir,Tigrinya,iso639_3
tis,tis,Masadiit Itneg,iso639_3
tit,tit,Tinigua,iso639_3
tiu,tiu,Adasen,iso639_3
tiv,tiv,Tiv,iso639_3
tiw,tiw,Tiwi,iso639_3
tix,tix,Southern Tiwa,iso639_3
tiy,tiy,Tiruray,iso639_3
tiz,tiz,Tai Hongjin,iso639_3
tja,tja,Tajuasohn,iso639_3
tjg,tjg,Tunjung,iso639_3
tji,tji,Northern Tujia,iso639_3
tjj,tjj,Tjungundji,iso639_3
tjl,tjl,Tai Laing,iso639_3
tjm,tjm,Timucua,iso639_3
tjn,tjn,Tonjon,iso639_3
tjo,tjo,Temacine Tamazight,iso639_3
tjp,tjp,Tjupany,iso639_3
tjs,tjs,Southern Tujia,iso639_3
tju,tju,Tjurruru,iso639_3
tjw,tjw,Djabwurrung,iso639_3
tka,tka,Truká,iso639_3
tkb,tkb,Buksa,iso639_3
tkd,tkd,Tukudede,iso639_3
tke,tke,Takwane,iso639_3
tkf,tkf,Tukumanféd,iso639_3
tkg,tkg,Tesaka Malagasy,iso639_3
tkl,tkl,Tokelau,iso639_3
tkm,tkm,Takelma,iso639_3
tkn,tkn,Toku-No-Shima,iso639_3
tkp,tkp,Tikopia,iso639_3
tkq,tkq,Tee,iso639_3
tkr,tkr,Tsakhur,iso639_3
tks,tks,Takestani,iso639_3
tkt,tkt,Kathoriya Tharu,iso639_3
tku,tku,Upper Necaxa Totonac,iso639_3
tkv,tkv,Mur Pano,iso639_3
tkw,tkw,Teanu,iso639_3
tkx,tkx,Tangko,iso639_3
tkz,tkz,Takua,iso639_3
tla,tla,Southwestern Tepehuan,iso639_3
tlb,tlb,Tobelo,iso639_3
tlc,tlc,Yecuatla Totonac,iso639_3
tld,tld,Talaud,iso639_3
tlf,tlf,Telefol,iso639_3
tlg,tlg,Tofanma,iso639_3
tlh,tlh,Klingon,iso639_3
tli,tli,Tlingit,iso639_3
tlj,tlj,Talinga-Bwisi,iso639_3
tlk,tlk,Taloki,iso639_3
tll,tll,Tetela,iso639_3
tlm,tlm,Tolomako,iso639_3
tln,tln,Talondo',iso639_3
tlo,tlo,Talodi,iso639_3
tlp,tlp,Filomena Mata-Coahuitlán Totonac,iso639_3
tlq,tlq,Tai Loi,iso639_3
tlr,tlr,Talise,iso639_3
tls,tls,Tambotalo,iso639_3
tlt,tlt,Sou Nama,iso639_3
tlu,tlu,Tulehu,iso639_3
tlv,tlv,Taliabu,iso639_3
tlx,tlx,Khehek,iso639_3
tly,tly,Talysh,iso639_3
tma,tma,Tama (Chad),iso639_3
tmb,tmb,Katbol,iso639_3
tmc,tmc,Tumak,iso639_3
tmd,tmd,Haruai,iso639_3
tme,tme,Tremembé,iso639_3
tmf,tmf,Toba-Maskoy,iso639_3
tmg,tmg,Ternateño,iso639_3
tmh,tmh,Tamashek,iso639_3
tmi,tmi,Tutuba,iso639_3
tmj,tmj,Samarokena,iso639_3
tmk,tmk,Northwestern Tamang,iso639_3
tml,tml,Tamnim Citak,iso639_3
tmm,tmm,Tai Thanh,iso639_3
tmn,tmn,Taman (Indonesia),iso639_3
tmo,tmo,Temoq,iso639_3
tmq,tmq,Tumleo,iso639_3
tmr,tmr,Jewish Babylonian Aramaic (ca. 200-1200 CE),iso639_3
tms,tms,Tima,iso639_3
tmt,tmt,Tasmate,iso639_3
tmu,tmu,Iau,iso639_3
tmv,tmv,Tembo (Motembo),iso639_3
tmw,tmw,Temuan,iso639_3
tmy,tmy,Tami,iso639_3
tmz,tmz,Tamanaku,iso639_3
tna,tna,Tacana,iso639_3
tnb,tnb,Western Tunebo,iso639_3
tnc,tnc,Tanimuca-Retuarã,iso639_3
tnd,tnd,Angosturas Tunebo,iso639_3
tng,tng,Tobanga,iso639_3
tnh,tnh,Maiani,iso639_3
tni,tni,Tandia,iso639_3
tnk,tnk,Kwamera,iso639_3
tnl,tnl,Lenakel,iso639_3
tnm,tnm,Tabla,iso639_3
tnn,tnn,North Tanna,iso639_3
tno,tno,Toromono,iso639_3
tnp,tnp,Whitesands,iso639_3
tnq,tnq,Taino,iso639_3
tnr,tnr,Ménik,iso639_3
tns,tns,Tenis,iso639_3
tnt,tnt,Tontemboan,iso639_3
tnu,tnu,Tay Khang,iso639_3
tnv,tnv,Tangchangya,iso639_3
tnw,tnw,Tonsawang,iso639_3
tnx,tnx,Tanema,iso639_3
tny,tny,Tongwe,iso639_3
tnz,tnz,Ten'edn,iso639_3
tob,tob,Toba,iso639_3
toc,toc,Coyutla Totonac,iso639_3
tod,tod,Toma,iso639_3
tof,tof,Gizrra,iso639_3
tog,tog,Tonga (Nyasa),iso639_3
toh,toh,Gitonga,iso639_3
toi,toi,Tonga (Zambia),iso639_3
toj,toj,Tojolabal,iso639_3
tok,tok,Toki Pona,iso639_3
tol,tol,Tolowa,iso639_3
tom,tom,Tombulu,iso639_3
ton,ton,Tonga (Tonga Islands),iso639_3
too,too,Xicotepec De Juárez Totonac,iso639_3
top,top,Papantla Totonac,iso639_3
toq,toq,Toposa,iso639_3
tor,tor,Togbo-Vara Banda,iso639_3
tos,tos,Highland Totonac,iso639_3
tou,tou,Tho,iso639_3
tov,tov,Upper Taromi,iso639_3
tow,tow,Jemez,iso639_3
tox,tox,Tobian,iso639_3
toy,toy,Topoiyo,iso639_3
toz,toz,To,iso639_3
tpa,tpa,Taupota,iso639_3
tpc,tpc,Azoyú Me'phaa,iso639_3
tpe,tpe,Tippera,iso639_3
tpf,tpf,Tarpia,iso639_3
tpg,tpg,Kula,iso639_3
tpi,tpi,Tok Pisin,iso639_3
tpj,tpj,Tapieté,iso639_3
tpk,tpk,Tupinikin,iso639_3
tpl,tpl,Tlacoapa Me'phaa,iso639_3
tpm,tpm,Tampulma,iso639_3
tpn,tpn,Tupinambá,iso639_3
tpo,tpo,Tai Pao,iso639_3
tpp,tpp,Pisaflores Tepehua,iso639_3
tpq,tpq,Tukpa,iso639_3
tpr,tpr,Tuparí,iso639_3
tpt,tpt,Tlachichilco Tepehua,iso639_3
tpu,tpu,Tampuan,iso639_3
tpv,tpv,Tanapag,iso639_3
tpw,tpw,Tupí,iso639_3
tpx,tpx,Acatepec Me'phaa,iso639_3
tpy,tpy,Trumai,iso639_3
tpz,tpz,Tinputz,iso639_3
tqb,tqb,Tembé,iso639_3
tql,tql,Lehali,iso639_3
tqm,tqm,Turumsa,iso639_3
tqn,tqn,Tenino,iso639_3
tqo,tqo,Toaripi,iso639_3
tqp,tqp,Tomoip,iso639_3
tqq,tqq,Tunni,iso639_3
tqr,tqr,Torona,iso639_3
tqt,tqt,Western Totonac,iso639_3
tqu,tqu,Touo,iso639_3
tqw,tqw,Tonkawa,iso639_3
tra,tra,Tirahi,iso639_3
trb,trb,Terebu,iso639_3
trc,trc,Copala Triqui,iso639_3
trd,trd,Turi,iso639_3
tre,tre,East Tarangan,iso639_3
trf,trf,Trinidadian Creole English,iso639_3
trg,trg,Lishán Didán,iso639_3
trh,trh,Turaka,iso639_3
tri,tri,Trió,iso639_3
trj,trj,Toram,iso639_3
trk,trk,Turkic languages,iso639_5_collection
trl,trl,Traveller Scottish,iso639_3
trm,trm,Tregami,iso639_3
trn,trn,Trinitario,iso639_3
tro,tro,Tarao Naga,iso639_3
trp,trp,Kok Borok,iso639_3
trq,trq,San Martín Itunyoso Triqui,iso639_3
trr,trr,Taushiro,iso639_3
trs,trs,Chicahuaxtla Triqui,iso639_3
trt,trt,Tunggare,iso639_3
tru,tru,Turoyo,iso639_3
trv,trv,Sediq,iso639_3
trw,trw,Torwali,iso639_3
trx,trx,Tringgus-Sembaan Bidayuh,iso639_3
try,try,Turung,iso639_3
trz,trz,Torá,iso639_3
tsa,tsa,Tsaangi,iso639_3
tsb,tsb,Tsamai,iso639_3
tsc,tsc,Tswa,iso639_3
tsd,tsd,Tsakonian,iso639_3
tse,tse,Tunisian Sign Language,iso639_3
tsg,tsg,Tausug,iso639_3
tsh,tsh,Tsuvan,iso639_3
tsi,tsi,Tsimshian,iso639_3
tsj,tsj,Tshangla,iso639_3
tsk,tsk,Tseku,iso639_3
tsl,tsl,Ts'ün-Lao,iso639_3
tsm,tsm,Turkish Sign Language,iso639_3
tsn,tsn,Tswana,iso639_3
tso,tso,Tsonga,iso639_3
tsp,tsp,Northern Toussian,iso639_3
tsq,tsq,Thai Sign Language,iso639_3
tsr,tsr,Akei,iso639_3
tss,tss,Taiwan Sign Language,iso639_3
tst,tst,Tondi Songway Kiini,iso639_3
tsu,tsu,Tsou,iso639_3
tsv,tsv,Tsogo,iso639_3
tsw,tsw,Tsishingini,iso639_3
tsx,tsx,Mubami,iso639_3
tsy,tsy,Tebul Sign Language,iso639_3
tsz,tsz,Purepecha,iso639_3
tta,tta,Tutelo,iso639_3
ttb,ttb,Gaa,iso639_3
ttc,ttc,Tektiteko,iso639_3
ttd,ttd,Tauade,iso639_3
tte,tte,Bwanabwana,iso639_3
ttf,ttf,Tuotomb,iso639_3
ttg,ttg,Tutong,iso639_3
tth,tth,Upper Ta'oih,iso639_3
tti,tti,Tobati,iso639_3
ttj,ttj,Tooro,iso639_3
ttk,ttk,Totoro,iso639_3
ttl,ttl,Totela,iso639_3
ttm,ttm,Northern Tutchone,iso639_3
ttn,ttn,Towei,iso639_3
tto,tto,Lower Ta'oih,iso639_3
ttp,ttp,Tombelala,iso639_3
ttq,ttq,Tawallammat Tamajaq,iso639_3
ttr,ttr,Tera,iso639_3
tts,tts,Northeastern Thai,iso639_3
ttt,ttt,Muslim Tat,iso639_3
ttu,ttu,Torau,iso639_3
ttv,ttv,Titan,iso639_3
ttw,ttw,Long Wat,iso639_3
tty,tty,Sikaritai,iso639_3
ttz,ttz,Tsum,iso639_3
tua,tua,Wiarumus,iso639_3
tub,tub,Tübatulabal,iso639_3
tuc,tuc,Mutu,iso639_3
tud,tud,Tuxá,iso639_3
tue,tue,Tuyuca,iso639_3
tuf,tuf,Central Tunebo,iso639_3
tug,tug,Tunia,iso639_3
tuh,tuh,Taulil,iso639_3
tui,tui,Tupuri,iso639_3
tuj,tuj,Tugutil,iso639_3
tuk,tuk,Turkmen,iso639_3
tul,tul,Tula,iso639_3
tum,tum,Tumbuka,iso639_3
tun,tun,Tunica,iso639_3
tuo,tuo,Tucano,iso639_3
tup,tup,Tupi languages,iso639_5_collection
tuq,tuq,Tedaga,iso639_3
tur,tur,Turkish,iso639_3
tus,tus,Tuscarora,iso639_3
tut,tut,Altaic languages,iso639_5_collection
tuu,tuu,Tututni,iso639_3
tuv,tuv,Turkana,iso639_3
tuw,tuw,Tungus languages,iso639_5_collection
tux,tux,Tuxináwa,iso639_3
tuy,tuy,Tugen,iso639_3
tuz,tuz,Turka,iso639_3
tva,tva,Vaghua,iso639_3
tvd,tvd,Tsuvadi,iso639_3
tve,tve,Te'un,iso639_3
tvk,tvk,Southeast Ambrym,iso639_3
tvl,tvl,Tuvalu,iso639_3
tvm,tvm,Tela-Masbuar,iso639_3
tvn,tvn,Tavoyan,iso639_3
tvo,tvo,Tidore,iso639_3
tvs,tvs,Taveta,iso639_3
tvt,tvt,Tutsa Naga,iso639_3
tvu,tvu,Tunen,iso639_3
tvw,tvw,Sedoa,iso639_3
tvx,tvx,Taivoan,iso639_3
tvy,tvy,Timor Pidgin,iso639_3
twa,twa,Twana,iso639_3
twb,twb,Western Tawbuid,iso639_3
twc,twc,Teshenawa,iso639_3
twd,twd,Twents,iso639_3
twe,twe,Tewa (Indonesia),iso639_3
twf,twf,Northern Tiwa,iso639_3
twg,twg,Tereweng,iso639_3
twh,twh,Tai Dón,iso639_3
twi,twi,Twi,iso639_3
twl,twl,Tawara,iso639_3
twm,twm,Tawang Monpa,iso639_3
twn,twn,Twendi,iso639_3
two,two,Tswapong,iso639_3
twp,twp,Ere,iso639_3
twq,twq,Tasawaq,iso639_3
twr,twr,Southwestern Tarahumara,iso639_3
twt,twt,Turiwára,iso639_3
twu,twu,Termanu,iso639_3
tww,tww,Tuwari,iso639_3
twx,twx,Tewe,iso639_3
twy,twy,Tawoyan,iso639_3
txa,txa,Tombonuo,iso639_3
txb,txb,Tokharian B,iso639_3
txc,txc,Tsetsaut,iso639_3
txe,txe,Totoli,iso639_3
txg,txg,Tangut,iso639_3
txh,txh,Thracian,iso639_3
txi,txi,Ikpeng,iso639_3
txj,txj,Tarjumo,iso639_3
txm,txm,Tomini,iso639_3
txn,txn,West Tarangan,iso639_3
txo,txo,Toto,iso639_3
txq,txq,Tii,iso639_3
txr,txr,Tartessian,iso639_3
txs,txs,Tonsea,iso639_3
txt,txt,Citak,iso639_3
txu,txu,Kayapó,iso639_3
txx,txx,Tatana,iso639_3
txy,txy,Tanosy Malagasy,iso639_3
tya,tya,Tauya,iso639_3
tye,tye,Kyanga,iso639_3
tyh,tyh,O'du,iso639_3
tyi,tyi,Teke-Tsaayi,iso639_3
tyj,tyj,Tai Do,iso639_3
tyl,tyl,Thu Lao,iso639_3
tyn,tyn,Kombai,iso639_3
typ,typ,Thaypan,iso639_3
tyr,tyr,Tai Daeng,iso639_3
tys,tys,Tày Sa Pa,iso639_3
tyt,tyt,Tày Tac,iso639_3
tyu,tyu,Kua,iso639_3
tyv,tyv,Tuvinian,iso639_3
tyx,tyx,Teke-Tyee,iso639_3
tyy,tyy,Tiyaa,iso639_3
tyz,tyz,Tày,iso639_3
tza,tza,Tanzanian Sign Language,iso639_3
tzh,tzh,Tzeltal,iso639_3
tzj,tzj,Tz'utujil,iso639_3
tzl,tzl,Talossan,iso639_3
tzm,tzm,Central Atlas Tamazight,iso639_3
tzn,tzn,Tugun,iso639_3
tzo,tzo,Tzotzil,iso639_3
tzx,tzx,Tabriak,iso639_3
uam,uam,Uamué,iso639_3
uan,uan,Kuan,iso639_3
uar,uar,Tairuma,iso639_3
uba,uba,Ubang,iso639_3
ubi,ubi,Ubi,iso639_3
ubl,ubl,Buhi'non Bikol,iso639_3
ubr,ubr,Ubir,iso639_3
ubu,ubu,Umbu-Ungu,iso639_3
uby,uby,Ubykh,iso639_3
uda,uda,Uda,iso639_3
ude,ude,Udihe,iso639_3
udg,udg,Muduga,iso639_3
udi,udi,Udi,iso639_3
udj,udj,Ujir,iso639_3
udl,udl,Wuzlam,iso639_3
udm,udm,Udmurt,iso639_3
udu,udu,Uduk,iso639_3
ues,ues,Kioko,iso639_3
ufi,ufi,Ufim,iso639_3
uga,uga,Ugaritic,iso639_3
ugb,ugb,Kuku-Ugbanh,iso639_3
uge,uge,Ughele,iso639_3
ugh,ugh,Kubachi,iso639_3
ugn,ugn,Ugandan Sign Language,iso639_3
ugo,ugo,Ugong,iso639_3
ugy,ugy,Uruguayan Sign Language,iso639_3
uha,uha,Uhami,iso639_3
uhn,uhn,Damal,iso639_3
uig,uig,Uighur,iso639_3
uis,uis,Uisai,iso639_3
uiv,uiv,Iyive,iso639_3
uji,uji,Tanjijili,iso639_3
uka,uka,Kaburi,iso639_3
ukg,ukg,Ukuriguma,iso639_3
ukh,ukh,Ukhwejo,iso639_3
uki,uki,Kui (India),iso639_3
ukk,ukk,Muak Sa-aak,iso639_3
ukl,ukl,Ukrainian Sign Language,iso639_3
ukp,ukp,Ukpe-Bayobiri,iso639_3
ukq,ukq,Ukwa,iso639_3
ukr,ukr,Ukrainian,iso639_3
uks,uks,Urubú-Kaapor Sign Language,iso639_3
uku,uku,Ukue,iso639_3
ukv,ukv,Kuku,iso639_3
ukw,ukw,Ukwuani-Aboh-Ndoni,iso639_3
uky,uky,Kuuk-Yak,iso639_3
ula,ula,Fungwa,iso639_3
ulb,ulb,Ulukwumi,iso639_3
ulc,ulc,Ulch,iso639_3
ule,ule,Lule,iso639_3
ulf,ulf,Usku,iso639_3
uli,uli,Ulithian,iso639_3
ulk,ulk,Meriam Mir,iso639_3
ull,ull,Ullatan,iso639_3
ulm,ulm,Ulumanda',iso639_3
uln,uln,Unserdeutsch,iso639_3
ulu,ulu,Uma' Lung,iso639_3
ulw,ulw,Ulwa,iso639_3
uma,uma,Umatilla,iso639_3
umb,umb,Umbundu,iso639_3
umc,umc,Marrucinian,iso639_3
umd,umd,Umbindhamu,iso639_3
umg,umg,Morrobalama,iso639_3
umi,umi,Ukit,iso639_3
umm,umm,Umon,iso639_3
umn,umn,Makyan Naga,iso639_3
umo,umo,Umotína,iso639_3
ump,ump,Umpila,iso639_3
umr,umr,Umbugarla,iso639_3
ums,ums,Pendau,iso639_3
umu,umu,Munsee,iso639_3
una,una,North Watut,iso639_3
und,und,Undetermined,iso639_3
une,une,Uneme,iso639_3
ung,ung,Ngarinyin,iso639_3
uni,uni,Uni,iso639_3
unk,unk,Enawené-Nawé,iso639_3
unm,unm,Unami,iso639_3
unn,unn,Kurnai,iso639_3
unr,unr,Mundari,iso639_3
unu,unu,Unubahe,iso639_3
unx,unx,Munda,iso639_3
unz,unz,Unde Kaili,iso639_3
uon,uon,Kulon,iso639_3
upi,upi,Umeda,iso639_3
upv,upv,Uripiv-Wala-Rano-Atchin,iso639_3
ura,ura,Urarina,iso639_3
urb,urb,Urubú-Kaapor,iso639_3
urc,urc,Urningangg,iso639_3
urd,urd,Urdu,iso639_3
ure,ure,Uru,iso639_3
urf,urf,Uradhi,iso639_3
urg,urg,Urigina,iso639_3
urh,urh,Urhobo,iso639_3
uri,uri,Urim,iso639_3
urj,urj,Uralic languages,iso639_5_collection
urk,urk,Urak Lawoi',iso639_3
url,url,Urali,iso639_3
urm,urm,Urapmin,iso639_3
urn,urn,Uruangnirin,iso639_3
uro,uro,Ura (Papua New Guinea),iso639_3
urp,urp,Uru-Pa-In,iso639_3
urr,urr,Lehalurup,iso639_3
urt,urt,Urat,iso639_3
uru,uru,Urumi,iso639_3
urv,urv,Uruava,iso639_3
urw,urw,Sop,iso639_3
urx,urx,Urimo,iso639_3
ury,ury,Orya,iso639_3
urz,urz,Uru-Eu-Wau-Wau,iso639_3
usa,usa,Usarufa,iso639_3
ush,ush,Ushojo,iso639_3
usi,usi,Usui,iso639_3
usk,usk,Usaghade,iso639_3
usp,usp,Uspanteco,iso639_3
uss,uss,us-Saare,iso639_3
usu,usu,Uya,iso639_3
uta,uta,Otank,iso639_3
ute,ute,Ute-Southern Paiute,iso639_3
uth,uth,ut-Hun,iso639_3
utp,utp,Amba (Solomon Islands),iso639_3
utr,utr,Etulo,iso639_3
utu,utu,Utu,iso639_3
uum,uum,Urum,iso639_3
uur,uur,Ura (Vanuatu),iso639_3
uuu,uuu,U,iso639_3
uve,uve,West Uvean,iso639_3
uvh,uvh,Uri,iso639_3
uvl,uvl,Lote,iso639_3
uwa,uwa,Kuku-Uwanh,iso639_3
uya,uya,Doko-Uyanga,iso639_3
uzb,uzb,Uzbek,iso639_3
uzn,uzn,Northern Uzbek,iso639_3
uzs,uzs,Southern Uzbek,iso639_3
vaa,vaa,Vaagri Booli,iso639_3
vae,vae,Vale,iso639_3
vaf,vaf,Vafsi,iso639_3
vag,vag,Vagla,iso639_3
vah,vah,Varhadi-Nagpuri,iso639_3
vai,vai,Vai,iso639_3
vaj,vaj,Sekele,iso639_3
val,val,Vehes,iso639_3
vam,vam,Vanimo,iso639_3
van,van,Valman,iso639_3
vao,vao,Vao,iso639_3
vap,vap,Vaiphei,iso639_3
var,var,Huarijio,iso639_3
vas,vas,Vasavi,iso639_3
vau,vau,Vanuma,iso639_3
vav,vav,Varli,iso639_3
vay,vay,Wayu,iso639_3
vbb,vbb,Southeast Babar,iso639_3
vbk,vbk,Southwestern Bontok,iso639_3
vec,vec,Venetian,iso639_3
ved,ved,Veddah,iso639_3
vel,vel,Veluws,iso639_3
vem,vem,Vemgo-Mabas,iso639_3
ven,ven,Venda,iso639_3
veo,veo,Ventureño,iso639_3
vep,vep,Veps,iso639_3
ver,ver,Mom Jango,iso639_3
vgr,vgr,Vaghri,iso639_3
vgt,vgt,Vlaamse Gebarentaal,iso639_3
vic,vic,Virgin Islands Creole English,iso639_3
vid,vid,Vidunda,iso639_3
vie,vie,Vietnamese,iso639_3
vif,vif,Vili,iso639_3
vig,vig,Viemo,iso639_3
vil,vil,Vilela,iso639_3
vin,vin,Vinza,iso639_3
vis,vis,Vishavan,iso639_3
vit,vit,Viti,iso639_3
viv,viv,Iduna,iso639_3
vka,vka,Kariyarra,iso639_3
vkj,vkj,Kujarge,iso639_3
vkk,vkk,Kaur,iso639_3
vkl,vkl,Kulisusu,iso639_3
vkm,vkm,Kamakan,iso639_3
vkn,vkn,Koro Nulu,iso639_3
vko,vko,Kodeoha,iso639_3
vkp,vkp,Korlai Creole Portuguese,iso639_3
vkt,vkt,Tenggarong Kutai Malay,iso639_3
vku,vku,Kurrama,iso639_3
vkz,vkz,Koro Zuba,iso639_3
vlp,vlp,Valpei,iso639_3
vls,vls,Vlaams,iso639_3
vma,vma,Martuyhunira,iso639_3
vmb,vmb,Barbaram,iso639_3
vmc,vmc,Juxtlahuaca Mixtec,iso639_3
vmd,vmd,Mudu Koraga,iso639_3
vme,vme,East Masela,iso639_3
vmf,vmf,Mainfränkisch,iso639_3
vmg,vmg,Lungalunga,iso639_3
vmh,vmh,Maraghei,iso639_3
vmi,vmi,Miwa,iso639_3
vmj,vmj,Ixtayutla Mixtec,iso639_3
vmk,vmk,Makhuwa-Shirima,iso639_3
vml,vml,Malgana,iso639_3
vmm,vmm,Mitlatongo Mixtec,iso639_3
vmp,vmp,Soyaltepec Mazatec,iso639_3
vmq,vmq,Soyaltepec Mixtec,iso639_3
vmr,vmr,Marenje,iso639_3
vms,vms,Moksela,iso639_3
vmu,vmu,Muluridyi,iso639_3
vmv,vmv,Valley Maidu,iso639_3
vmw,vmw,Makhuwa,iso639_3
vmx,vmx,Tamazola Mixtec,iso639_3
vmy,vmy,Ayautla Mazatec,iso639_3
vmz,vmz,Mazatlán Mazatec,iso639_3
vnk,vnk,Vano,iso639_3
vnm,vnm,Vinmavis,iso639_3
vnp,vnp,Vunapu,iso639_3
vol,vol,Volapük,iso639_3
vor,vor,Voro,iso639_3
vot,vot,Votic,iso639_3
vra,vra,Vera'a,iso639_3
vro,vro,Võro,iso639_3
vrs,vrs,Varisi,iso639_3
vrt,vrt,Burmbar,iso639_3
vsi,vsi,Moldova Sign Language,iso639_3
vsl,vsl,Venezuelan Sign Language,iso639_3
vsv,vsv,Valencian Sign Language,iso639_3
vto,vto,Vitou,iso639_3
vum,vum,Vumbu,iso639_3
vun,vun,Vunjo,iso639_3
vut,vut,Vute,iso639_3
vwa,vwa,Awa (China),iso639_3
waa,waa,Walla Walla,iso639_3
wab,wab,Wab,iso639_3
wac,wac,Wasco-Wishram,iso639_3
wad,wad,Wamesa,iso639_3
wae,wae,Walser,iso639_3
waf,waf,Wakoná,iso639_3
wag,wag,Wa'ema,iso639_3
wah,wah,Watubela,iso639_3
wai,wai,Wares,iso639_3
waj,waj,Waffa,iso639_3
wak,wak,Wakashan languages,iso639_5_collection
wal,wal,Wolaytta,iso639_3
wam,wam,Wampanoag,iso639_3
wan,wan,Wan,iso639_3
wao,wao,Wappo,iso639_3
wap,wap,Wapishana,iso639_3
waq,waq,Wagiman,iso639_3
war,war,Waray (Philippines),iso639_3
was,was,Washo,iso639_3
wat,wat,Kaninuwa,iso639_3
wau,wau,Waurá,iso639_3
wav,wav,Waka,iso639_3
waw,waw,Waiwai,iso639_3
wax,wax,Watam,iso639_3
way,way,Wayana,iso639_3
waz,waz,Wampur,iso639_3
wba,wba,Warao,iso639_3
wbb,wbb,Wabo,iso639_3
wbe,wbe,Waritai,iso639_3
wbf,wbf,Wara,iso639_3
wbh,wbh,Wanda,iso639_3
wbi,wbi,Vwanji,iso639_3
wbj,wbj,Alagwa,iso639_3
wbk,wbk,Waigali,iso639_3
wbl,wbl,Wakhi,iso639_3
wbm,wbm,Wa,iso639_3
wbp,wbp,Warlpiri,iso639_3
wbq,wbq,Waddar,iso639_3
wbr,wbr,Wagdi,iso639_3
wbs,wbs,West Bengal Sign Language,iso639_3
wbt,wbt,Warnman,iso639_3
wbv,wbv,Wajarri,iso639_3
wbw,wbw,Woi,iso639_3
wca,wca,Yanomámi,iso639_3
wci,wci,Waci Gbe,iso639_3
wdd,wdd,Wandji,iso639_3
wdg,wdg,Wadaginam,iso639_3
wdj,wdj,Wadjiginy,iso639_3
wdk,wdk,Wadikali,iso639_3
wdt,wdt,Wendat,iso639_3
wdu,wdu,Wadjigu,iso639_3
wdy,wdy,Wadjabangayi,iso639_3
wea,wea,Wewaw,iso639_3
wec,wec,Wè Western,iso639_3
wed,wed,Wedau,iso639_3
weg,weg,Wergaia,iso639_3
weh,weh,Weh,iso639_3
wei,wei,Kiunum,iso639_3
wel,cym,Welsh,iso639_2_bibliographic_alias
wem,wem,Weme Gbe,iso639_3
wen,wen,Sorbian languages,iso639_5_collection
weo,weo,Wemale,iso639_3
wep,wep,Westphalien,iso639_3
wer,wer,Weri,iso639_3
wes,wes,Cameroon Pidgin,iso639_3
wet,wet,Perai,iso639_3
weu,weu,Rawngtu Chin,iso639_3
wew,wew,Wejewa,iso639_3
wfg,wfg,Yafi,iso639_3
wga,wga,Wagaya,iso639_3
wgb,wgb,Wagawaga,iso639_3
wgg,wgg,Wangkangurru,iso639_3
wgi,wgi,Wahgi,iso639_3
wgo,wgo,Waigeo,iso639_3
wgu,wgu,Wirangu,iso639_3
wgy,wgy,Warrgamay,iso639_3
wha,wha,Sou Upaa,iso639_3
whg,whg,North Wahgi,iso639_3
whk,whk,Wahau Kenyah,iso639_3
whu,whu,Wahau Kayan,iso639_3
wib,wib,Southern Toussian,iso639_3
wic,wic,Wichita,iso639_3
wie,wie,Wik-Epa,iso639_3
wif,wif,Wik-Keyangan,iso639_3
wig,wig,Wik Ngathan,iso639_3
wih,wih,Wik-Me'anha,iso639_3
wii,wii,Minidien,iso639_3
wij,wij,Wik-Iiyanh,iso639_3
wik,wik,Wikalkan,iso639_3
wil,wil,Wilawila,iso639_3
wim,wim,Wik-Mungkan,iso639_3
win,win,Ho-Chunk,iso639_3
wir,wir,Wiraféd,iso639_3
wiu,wiu,Wiru,iso639_3
wiv,wiv,Vitu,iso639_3
wiy,wiy,Wiyot,iso639_3
wja,wja,Waja,iso639_3
wji,wji,Warji,iso639_3
wka,wka,Kw'adza,iso639_3
wkb,wkb,Kumbaran,iso639_3
wkd,wkd,Wakde,iso639_3
wkl,wkl,Kalanadi,iso639_3
wkr,wkr,Keerray-Woorroong,iso639_3
wku,wku,Kunduvadi,iso639_3
wkw,wkw,Wakawaka,iso639_3
wky,wky,Wangkayutyuru,iso639_3
wla,wla,Walio,iso639_3
wlc,wlc,Mwali Comorian,iso639_3
wle,wle,Wolane,iso639_3
wlg,wlg,Kunbarlang,iso639_3
wlh,wlh,Welaun,iso639_3
wli,wli,Waioli,iso639_3
wlk,wlk,Wailaki,iso639_3
wll,wll,Wali (Sudan),iso639_3
wlm,wlm,Middle Welsh,iso639_3
wln,wln,Walloon,iso639_3
wlo,wlo,Wolio,iso639_3
wlr,wlr,Wailapa,iso639_3
wls,wls,Wallisian,iso639_3
wlu,wlu,Wuliwuli,iso639_3
wlv,wlv,Wichí Lhamtés Vejoz,iso639_3
wlw,wlw,Walak,iso639_3
wlx,wlx,Wali (Ghana),iso639_3
wly,wly,Waling,iso639_3
wma,wma,Mawa (Nigeria),iso639_3
wmb,wmb,Wambaya,iso639_3
wmc,wmc,Wamas,iso639_3
wmd,wmd,Mamaindé,iso639_3
wme,wme,Wambule,iso639_3
wmg,wmg,Western Minyag,iso639_3
wmh,wmh,Waima'a,iso639_3
wmi,wmi,Wamin,iso639_3
wmm,wmm,Maiwa (Indonesia),iso639_3
wmn,wmn,Waamwang,iso639_3
wmo,wmo,Wom (Papua New Guinea),iso639_3
wms,wms,Wambon,iso639_3
wmt,wmt,Walmajarri,iso639_3
wmw,wmw,Mwani,iso639_3
wmx,wmx,Womo,iso639_3
wnb,wnb,Wanambre,iso639_3
wnc,wnc,Wantoat,iso639_3
wnd,wnd,Wandarang,iso639_3
wne,wne,Waneci,iso639_3
wng,wng,Wanggom,iso639_3
wni,wni,Ndzwani Comorian,iso639_3
wnk,wnk,Wanukaka,iso639_3
wnm,wnm,Wanggamala,iso639_3
wnn,wnn,Wunumara,iso639_3
wno,wno,Wano,iso639_3
wnp,wnp,Wanap,iso639_3
wnu,wnu,Usan,iso639_3
wnw,wnw,Wintu,iso639_3
wny,wny,Wanyi,iso639_3
woa,woa,Kuwema,iso639_3
wob,wob,Wè Northern,iso639_3
woc,woc,Wogeo,iso639_3
wod,wod,Wolani,iso639_3
woe,woe,Woleaian,iso639_3
wof,wof,Gambian Wolof,iso639_3
wog,wog,Wogamusin,iso639_3
woi,woi,Kamang,iso639_3
wok,wok,Longto,iso639_3
wol,wol,Wolof,iso639_3
wom,wom,Wom (Nigeria),iso639_3
won,won,Wongo,iso639_3
woo,woo,Manombai,iso639_3
wor,wor,Woria,iso639_3
wos,wos,Hanga Hundi,iso639_3
wow,wow,Wawonii,iso639_3
woy,woy,Weyto,iso639_3
wpc,wpc,Maco,iso639_3
wrb,wrb,Waluwarra,iso639_3
wrg,wrg,Warungu,iso639_3
wrh,wrh,Wiradjuri,iso639_3
wri,wri,Wariyangga,iso639_3
wrk,wrk,Garrwa,iso639_3
wrl,wrl,Warlmanpa,iso639_3
wrm,wrm,Warumungu,iso639_3
wrn,wrn,Warnang,iso639_3
wro,wro,Worrorra,iso639_3
wrp,wrp,Waropen,iso639_3
wrr,wrr,Wardaman,iso639_3
wrs,wrs,Waris,iso639_3
wru,wru,Waru,iso639_3
wrv,wrv,Waruna,iso639_3
wrw,wrw,Gugu Warra,iso639_3
wrx,wrx,Wae Rana,iso639_3
wry,wry,Merwari,iso639_3
wrz,wrz,Waray (Australia),iso639_3
wsa,wsa,Warembori,iso639_3
wsg,wsg,Adilabad Gondi,iso639_3
wsi,wsi,Wusi,iso639_3
wsk,wsk,Waskia,iso639_3
wsr,wsr,Owenia,iso639_3
wss,wss,Wasa,iso639_3
wsu,wsu,Wasu,iso639_3
wsv,wsv,Wotapuri-Katarqalai,iso639_3
wtf,wtf,Watiwa,iso639_3
wth,wth,Wathawurrung,iso639_3
wti,wti,Berta,iso639_3
wtk,wtk,Watakataui,iso639_3
wtm,wtm,Mewati,iso639_3
wtw,wtw,Wotu,iso639_3
wua,wua,Wikngenchera,iso639_3
wub,wub,Wunambal,iso639_3
wud,wud,Wudu,iso639_3
wuh,wuh,Wutunhua,iso639_3
wul,wul,Silimo,iso639_3
wum,wum,Wumbvu,iso639_3
wun,wun,Bungu,iso639_3
wur,wur,Wurrugu,iso639_3
wut,wut,Wutung,iso639_3
wuu,wuu,Wu Chinese,iso639_3
wuv,wuv,Wuvulu-Aua,iso639_3
wux,wux,Wulna,iso639_3
wuy,wuy,Wauyai,iso639_3
wwa,wwa,Waama,iso639_3
wwb,wwb,Wakabunga,iso639_3
wwo,wwo,Wetamut,iso639_3
wwr,wwr,Warrwa,iso639_3
www,www,Wawa,iso639_3
wxa,wxa,Waxianghua,iso639_3
wxw,wxw,Wardandi,iso639_3
wyb,wyb,Wangaaybuwan-Ngiyambaa,iso639_3
wyi,wyi,Woiwurrung,iso639_3
wym,wym,Wymysorys,iso639_3
wyn,wyn,Wyandot,iso639_3
wyr,wyr,Wayoró,iso639_3
wyy,wyy,Western Fijian,iso639_3
xaa,xaa,Andalusian Arabic,iso639_3
xab,xab,Sambe,iso639_3
xac,xac,Kachari,iso639_3
xad,xad,Adai,iso639_3
xae,xae,Aequian,iso639_3
xag,xag,Aghwan,iso639_3
xai,xai,Kaimbé,iso639_3
xaj,xaj,Ararandewára,iso639_3
xak,xak,Máku,iso639_3
xal,xal,Kalmyk,iso639_3
xam,xam,ǀXam,iso639_3
xan,xan,Xamtanga,iso639_3
xao,xao,Khao,iso639_3
xap,xap,Apalachee,iso639_3
xaq,xaq,Aquitanian,iso639_3
xar,xar,Karami,iso639_3
xas,xas,Kamas,iso639_3
xat,xat,Katawixi,iso639_3
xau,xau,Kauwera,iso639_3
xav,xav,Xavánte,iso639_3
xaw,xaw,Kawaiisu,iso639_3
xay,xay,Kayan Mahakam,iso639_3
xbb,xbb,Lower Burdekin,iso639_3
xbc,xbc,Bactrian,iso639_3
xbd,xbd,Bindal,iso639_3
xbe,xbe,Bigambal,iso639_3
xbg,xbg,Bunganditj,iso639_3
xbi,xbi,Kombio,iso639_3
xbj,xbj,Birrpayi,iso639_3
xbm,xbm,Middle Breton,iso639_3
xbn,xbn,Kenaboi,iso639_3
xbo,xbo,Bolgarian,iso639_3
xbp,xbp,Bibbulman,iso639_3
xbr,xbr,Kambera,iso639_3
xbw,xbw,Kambiwá,iso639_3
xby,xby,Batjala,iso639_3
xcb,xcb,Cumbric,iso639_3
xcc,xcc,Camunic,iso639_3
xce,xce,Celtiberian,iso639_3
xcg,xcg,Cisalpine Gaulish,iso639_3
xch,xch,Chemakum,iso639_3
xcl,xcl,Classical Armenian,iso639_3
xcm,xcm,Comecrudo,iso639_3
xcn,xcn,Cotoname,iso639_3
xco,xco,Chorasmian,iso639_3
xcr,xcr,Carian,iso639_3
xct,xct,Classical Tibetan,iso639_3
xcu,xcu,Curonian,iso639_3
xcv,xcv,Chuvantsy,iso639_3
xcw,xcw,Coahuilteco,iso639_3
xcy,xcy,Cayuse,iso639_3
xda,xda,Darkinyung,iso639_3
xdc,xdc,Dacian,iso639_3
xdk,xdk,Dharuk,iso639_3
xdm,xdm,Edomite,iso639_3
xdo,xdo,Kwandu,iso639_3
xdq,xdq,Kaitag,iso639_3
xdy,xdy,Malayic Dayak,iso639_3
xeb,xeb,Eblan,iso639_3
xed,xed,Hdi,iso639_3
xeg,xeg,ǁXegwi,iso639_3
xel,xel,Kelo,iso639_3
xem,xem,Kembayan,iso639_3
xep,xep,Epi-Olmec,iso639_3
xer,xer,Xerénte,iso639_3
xes,xes,Kesawai,iso639_3
xet,xet,Xetá,iso639_3
xeu,xeu,Keoru-Ahia,iso639_3
xfa,xfa,Faliscan,iso639_3
xga,xga,Galatian,iso639_3
xgb,xgb,Gbin,iso639_3
xgd,xgd,Gudang,iso639_3
xgf,xgf,Gabrielino-Fernandeño,iso639_3
xgg,xgg,Goreng,iso639_3
xgi,xgi,Garingbal,iso639_3
xgl,xgl,Galindan,iso639_3
xgm,xgm,Dharumbal,iso639_3
xgn,xgn,Mongolian languages,iso639_5_collection
xgr,xgr,Garza,iso639_3
xgu,xgu,Unggumi,iso639_3
xgw,xgw,Guwa,iso639_3
xha,xha,Harami,iso639_3
xhc,xhc,Hunnic,iso639_3
xhd,xhd,Hadrami,iso639_3
xhe,xhe,Khetrani,iso639_3
xhm,xhm,Middle Khmer (1400 to 1850 CE),iso639_3
xho,xho,Xhosa,iso639_3
xhr,xhr,Hernican,iso639_3
xht,xht,Hattic,iso639_3
xhu,xhu,Hurrian,iso639_3
xhv,xhv,Khua,iso639_3
xib,xib,Iberian,iso639_3
xii,xii,Xiri,iso639_3
xil,xil,Illyrian,iso639_3
xin,xin,Xinca,iso639_3
xir,xir,Xiriâna,iso639_3
xis,xis,Kisan,iso639_3
xiv,xiv,Indus Valley Language,iso639_3
xiy,xiy,Xipaya,iso639_3
xjb,xjb,Minjungbal,iso639_3
xjt,xjt,Jaitmatang,iso639_3
xka,xka,Kalkoti,iso639_3
xkb,xkb,Northern Nago,iso639_3
xkc,xkc,Kho'ini,iso639_3
xkd,xkd,Mendalam Kayan,iso639_3
xke,xke,Kereho,iso639_3
xkf,xkf,Khengkha,iso639_3
xkg,xkg,Kagoro,iso639_3
xki,xki,Kenyan Sign Language,iso639_3
xkj,xkj,Kajali,iso639_3
xkk,xkk,Kachok,iso639_3
xkl,xkl,Mainstream Kenyah,iso639_3
xkn,xkn,Kayan River Kayan,iso639_3
xko,xko,Kiorr,iso639_3
xkp,xkp,Kabatei,iso639_3
xkq,xkq,Koroni,iso639_3
xkr,xkr,Xakriabá,iso639_3
xks,xks,Kumbewaha,iso639_3
xkt,xkt,Kantosi,iso639_3
xku,xku,Kaamba,iso639_3
xkv,xkv,Kgalagadi,iso639_3
xkw,xkw,Kembra,iso639_3
xkx,xkx,Karore,iso639_3
xky,xky,Uma' Lasan,iso639_3
xkz,xkz,Kurtokha,iso639_3
xla,xla,Kamula,iso639_3
xlb,xlb,Loup B,iso639_3
xlc,xlc,Lycian,iso639_3
xld,xld,Lydian,iso639_3
xle,xle,Lemnian,iso639_3
xlg,xlg,Ligurian (Ancient),iso639_3
xli,xli,Liburnian,iso639_3
xln,xln,Alanic,iso639_3
xlo,xlo,Loup A,iso639_3
xlp,xlp,Lepontic,iso639_3
xls,xls,Lusitanian,iso639_3
xlu,xlu,Cuneiform Luwian,iso639_3
xly,xly,Elymian,iso639_3
xma,xma,Mushungulu,iso639_3
xmb,xmb,Mbonga,iso639_3
xmc,xmc,Makhuwa-Marrevone,iso639_3
xmd,xmd,Mbudum,iso639_3
xme,xme,Median,iso639_3
xmf,xmf,Mingrelian,iso639_3
xmg,xmg,Mengaka,iso639_3
xmh,xmh,Kugu-Muminh,iso639_3
xmj,xmj,Majera,iso639_3
xmk,xmk,Ancient Macedonian,iso639_3
xml,xml,Malaysian Sign Language,iso639_3
xmm,xmm,Manado Malay,iso639_3
xmn,xmn,Manichaean Middle Persian,iso639_3
xmo,xmo,Morerebi,iso639_3
xmp,xmp,Kuku-Mu'inh,iso639_3
xmq,xmq,Kuku-Mangk,iso639_3
xmr,xmr,Meroitic,iso639_3
xms,xms,Moroccan Sign Language,iso639_3
xmt,xmt,Matbat,iso639_3
xmu,xmu,Kamu,iso639_3
xmv,xmv,Antankarana Malagasy,iso639_3
xmw,xmw,Tsimihety Malagasy,iso639_3
xmx,xmx,Salawati,iso639_3
xmy,xmy,Mayaguduna,iso639_3
xmz,xmz,Mori Bawah,iso639_3
xna,xna,Ancient North Arabian,iso639_3
xnb,xnb,Kanakanabu,iso639_3
xnd,xnd,Na-Dene languages,iso639_5_collection
xng,xng,Middle Mongolian,iso639_3
xnh,xnh,Kuanhua,iso639_3
xni,xni,Ngarigu,iso639_3
xnj,xnj,Ngoni (Tanzania),iso639_3
xnk,xnk,Nganakarti,iso639_3
xnm,xnm,Ngumbarl,iso639_3
xnn,xnn,Northern Kankanay,iso639_3
xno,xno,Anglo-Norman,iso639_3
xnq,xnq,Ngoni (Mozambique),iso639_3
xnr,xnr,Kangri,iso639_3
xns,xns,Kanashi,iso639_3
xnt,xnt,Narragansett,iso639_3
xnu,xnu,Nukunul,iso639_3
xny,xny,Nyiyaparli,iso639_3
xnz,xnz,Kenzi,iso639_3
xoc,xoc,O'chi'chi',iso639_3
xod,xod,Kokoda,iso639_3
xog,xog,Soga,iso639_3
xoi,xoi,Kominimung,iso639_3
xok,xok,Xokleng,iso639_3
xom,xom,Komo (Sudan),iso639_3
xon,xon,Konkomba,iso639_3
xoo,xoo,Xukurú,iso639_3
xop,xop,Kopar,iso639_3
xor,xor,Korubo,iso639_3
xow,xow,Kowaki,iso639_3
xpa,xpa,Pirriya,iso639_3
xpb,xpb,Northeastern Tasmanian,iso639_3
xpc,xpc,Pecheneg,iso639_3
xpd,xpd,Oyster Bay Tasmanian,iso639_3
xpe,xpe,Liberia Kpelle,iso639_3
xpf,xpf,Southeast Tasmanian,iso639_3
xpg,xpg,Phrygian,iso639_3
xph,xph,North Midlands Tasmanian,iso639_3
xpi,xpi,Pictish,iso639_3
xpj,xpj,Mpalitjanh,iso639_3
xpk,xpk,Kulina Pano,iso639_3
xpl,xpl,Port Sorell Tasmanian,iso639_3
xpm,xpm,Pumpokol,iso639_3
xpn,xpn,Kapinawá,iso639_3
xpo,xpo,Pochutec,iso639_3
xpp,xpp,Puyo-Paekche,iso639_3
xpq,xpq,Mohegan-Pequot,iso639_3
xpr,xpr,Parthian,iso639_3
xps,xps,Pisidian,iso639_3
xpt,xpt,Punthamara,iso639_3
xpu,xpu,Punic,iso639_3
xpv,xpv,Northern Tasmanian,iso639_3
xpw,xpw,Northwestern Tasmanian,iso639_3
xpx,xpx,Southwestern Tasmanian,iso639_3
xpy,xpy,Puyo,iso639_3
xpz,xpz,Bruny Island Tasmanian,iso639_3
xqa,xqa,Karakhanid,iso639_3
xqt,xqt,Qatabanian,iso639_3
xra,xra,Krahô,iso639_3
xrb,xrb,Eastern Karaboro,iso639_3
xrd,xrd,Gundungurra,iso639_3
xre,xre,Kreye,iso639_3
xrg,xrg,Minang,iso639_3
xri,xri,Krikati-Timbira,iso639_3
xrm,xrm,Armazic,iso639_3
xrn,xrn,Arin,iso639_3
xrr,xrr,Raetic,iso639_3
xrt,xrt,Aranama-Tamique,iso639_3
xru,xru,Marriammu,iso639_3
xrw,xrw,Karawa,iso639_3
xsa,xsa,Sabaean,iso639_3
xsb,xsb,Sambal,iso639_3
xsc,xsc,Scythian,iso639_3
xsd,xsd,Sidetic,iso639_3
xse,xse,Sempan,iso639_3
xsh,xsh,Shamang,iso639_3
xsi,xsi,Sio,iso639_3
xsj,xsj,Subi,iso639_3
xsl,xsl,South Slavey,iso639_3
xsm,xsm,Kasem,iso639_3
xsn,xsn,Sanga (Nigeria),iso639_3
xso,xso,Solano,iso639_3
xsp,xsp,Silopi,iso639_3
xsq,xsq,Makhuwa-Saka,iso639_3
xsr,xsr,Sherpa,iso639_3
xss,xss,Assan,iso639_3
xsu,xsu,Sanumá,iso639_3
xsv,xsv,Sudovian,iso639_3
xsy,xsy,Saisiyat,iso639_3
xta,xta,Alcozauca Mixtec,iso639_3
xtb,xtb,Chazumba Mixtec,iso639_3
xtc,xtc,Katcha-Kadugli-Miri,iso639_3
xtd,xtd,Diuxi-Tilantongo Mixtec,iso639_3
xte,xte,Ketengban,iso639_3
xtg,xtg,Transalpine Gaulish,iso639_3
xth,xth,Yitha Yitha,iso639_3
xti,xti,Sinicahua Mixtec,iso639_3
xtj,xtj,San Juan Teita Mixtec,iso639_3
xtl,xtl,Tijaltepec Mixtec,iso639_3
xtm,xtm,Magdalena Peñasco Mixtec,iso639_3
xtn,xtn,Northern Tlaxiaco Mixtec,iso639_3
xto,xto,Tokharian A,iso639_3
xtp,xtp,San Miguel Piedras Mixtec,iso639_3
xtq,xtq,Tumshuqese,iso639_3
xtr,xtr,Early Tripuri,iso639_3
xts,xts,Sindihui Mixtec,iso639_3
xtt,xtt,Tacahua Mixtec,iso639_3
xtu,xtu,Cuyamecalco Mixtec,iso639_3
xtv,xtv,Thawa,iso639_3
xtw,xtw,Tawandê,iso639_3
xty,xty,Yoloxochitl Mixtec,iso639_3
xua,xua,Alu Kurumba,iso639_3
xub,xub,Betta Kurumba,iso639_3
xud,xud,Umiida,iso639_3
xug,xug,Kunigami,iso639_3
xuj,xuj,Jennu Kurumba,iso639_3
xul,xul,Ngunawal,iso639_3
xum,xum,Umbrian,iso639_3
xun,xun,Unggaranggu,iso639_3
xuo,xuo,Kuo,iso639_3
xup,xup,Upper Umpqua,iso639_3
xur,xur,Urartian,iso639_3
xut,xut,Kuthant,iso639_3
xuu,xuu,Kxoe,iso639_3
xve,xve,Venetic,iso639_3
xvi,xvi,Kamviri,iso639_3
xvn,xvn,Vandalic,iso639_3
xvo,xvo,Volscian,iso639_3
xvs,xvs,Vestinian,iso639_3
xwa,xwa,Kwaza,iso639_3
xwc,xwc,Woccon,iso639_3
xwd,xwd,Wadi Wadi,iso639_3
xwe,xwe,Xwela Gbe,iso639_3
xwg,xwg,Kwegu,iso639_3
xwj,xwj,Wajuk,iso639_3
xwk,xwk,Wangkumara,iso639_3
xwl,xwl,Western Xwla Gbe,iso639_3
xwo,xwo,Written Oirat,iso639_3
xwr,xwr,Kwerba Mamberamo,iso639_3
xwt,xwt,Wotjobaluk,iso639_3
xww,xww,Wemba Wemba,iso639_3
xxb,xxb,Boro (Ghana),iso639_3
xxk,xxk,Ke'o,iso639_3
xxm,xxm,Minkin,iso639_3
xxr,xxr,Koropó,iso639_3
xxt,xxt,Tambora,iso639_3
xya,xya,Yaygir,iso639_3
xyb,xyb,Yandjibara,iso639_3
xyj,xyj,Mayi-Yapi,iso639_3
xyk,xyk,Mayi-Kulan,iso639_3
xyl,xyl,Yalakalore,iso639_3
xyt,xyt,Mayi-Thakurti,iso639_3
xyy,xyy,Yorta Yorta,iso639_3
xzh,xzh,Zhang-Zhung,iso639_3
xzm,xzm,Zemgalian,iso639_3
xzp,xzp,Ancient Zapotec,iso639_3
yaa,yaa,Yaminahua,iso639_3
yab,yab,Yuhup,iso639_3
yac,yac,Pass Valley Yali,iso639_3
yad,yad,Yagua,iso639_3
yae,yae,Pumé,iso639_3
yaf,yaf,Yaka (Democratic Republic of Congo),iso639_3
yag,yag,Yámana,iso639_3
yah,yah,Yazgulyam,iso639_3
yai,yai,Yagnobi,iso639_3
yaj,yaj,Banda-Yangere,iso639_3
yak,yak,Yakama,iso639_3
yal,yal,Yalunka,iso639_3
yam,yam,Yamba,iso639_3
yan,yan,Mayangna,iso639_3
yao,yao,Yao,iso639_3
yap,yap,Yapese,iso639_3
yaq,yaq,Yaqui,iso639_3
yar,yar,Yabarana,iso639_3
yas,yas,Nugunu (Cameroon),iso639_3
yat,yat,Yambeta,iso639_3
yau,yau,Yuwana,iso639_3
yav,yav,Yangben,iso639_3
yaw,yaw,Yawalapití,iso639_3
yax,yax,Yauma,iso639_3
yay,yay,Agwagwune,iso639_3
yaz,yaz,Lokaa,iso639_3
yba,yba,Yala,iso639_3
ybb,ybb,Yemba,iso639_3
ybe,ybe,West Yugur,iso639_3
ybh,ybh,Yakha,iso639_3
ybi,ybi,Yamphu,iso639_3
ybj,ybj,Hasha,iso639_3
ybk,ybk,Bokha,iso639_3
ybl,ybl,Yukuben,iso639_3
ybm,ybm,Yaben,iso639_3
ybn,ybn,Yabaâna,iso639_3
ybo,ybo,Yabong,iso639_3
ybx,ybx,Yawiyo,iso639_3
yby,yby,Yaweyuha,iso639_3
ych,ych,Chesu,iso639_3
ycl,ycl,Lolopo,iso639_3
ycn,ycn,Yucuna,iso639_3
ycp,ycp,Chepya,iso639_3
yda,yda,Yanda,iso639_3
ydd,ydd,Eastern Yiddish,iso639_3
yde,yde,Yangum Dey,iso639_3
ydg,ydg,Yidgha,iso639_3
ydk,ydk,Yoidik,iso639_3
yea,yea,Ravula,iso639_3
yec,yec,Yeniche,iso639_3
yee,yee,Yimas,iso639_3
yei,yei,Yeni,iso639_3
yej,yej,Yevanic,iso639_3
yel,yel,Yela,iso639_3
yer,yer,Tarok,iso639_3
yes,yes,Nyankpa,iso639_3
yet,yet,Yetfa,iso639_3
yeu,yeu,Yerukula,iso639_3
yev,yev,Yapunda,iso639_3
yey,yey,Yeyi,iso639_3
yga,yga,Malyangapa,iso639_3
ygi,ygi,Yiningayi,iso639_3
ygl,ygl,Yangum Gel,iso639_3
ygm,ygm,Yagomi,iso639_3
ygp,ygp,Gepo,iso639_3
ygr,ygr,Yagaria,iso639_3
ygs,ygs,Yolŋu Sign Language,iso639_3
ygu,ygu,Yugul,iso639_3
ygw,ygw,Yagwoia,iso639_3
yha,yha,Baha Buyang,iso639_3
yhd,yhd,Judeo-Iraqi Arabic,iso639_3
yhl,yhl,Hlepho Phowa,iso639_3
yhs,yhs,Yan-nhaŋu Sign Language,iso639_3
yia,yia,Yinggarda,iso639_3
yid,yid,Yiddish,iso639_3
yif,yif,Ache,iso639_3
yig,yig,Wusa Nasu,iso639_3
yih,yih,Western Yiddish,iso639_3
yii,yii,Yidiny,iso639_3
yij,yij,Yindjibarndi,iso639_3
yik,yik,Dongshanba Lalo,iso639_3
yil,yil,Yindjilandji,iso639_3
yim,yim,Yimchungru Naga,iso639_3
yin,yin,Riang Lai,iso639_3
yip,yip,Pholo,iso639_3
yiq,yiq,Miqie,iso639_3
yir,yir,North Awyu,iso639_3
yis,yis,Yis,iso639_3
yit,yit,Eastern Lalu,iso639_3
yiu,yiu,Awu,iso639_3
yiv,yiv,Northern Nisu,iso639_3
yix,yix,Axi Yi,iso639_3
yiz,yiz,Azhe,iso639_3
yka,yka,Yakan,iso639_3
ykg,ykg,Northern Yukaghir,iso639_3
yki,yki,Yoke,iso639_3
ykk,ykk,Yakaikeke,iso639_3
ykl,ykl,Khlula,iso639_3
ykm,ykm,Kap,iso639_3
ykn,ykn,Kua-nsi,iso639_3
yko,yko,Yasa,iso639_3
ykr,ykr,Yekora,iso639_3
ykt,ykt,Kathu,iso639_3
yku,yku,Kuamasi,iso639_3
yky,yky,Yakoma,iso639_3
yla,yla,Yaul,iso639_3
ylb,ylb,Yaleba,iso639_3
yle,yle,Yele,iso639_3
ylg,ylg,Yelogu,iso639_3
yli,yli,Angguruk Yali,iso639_3
yll,yll,Yil,iso639_3
ylm,ylm,Limi,iso639_3
yln,yln,Langnian Buyang,iso639_3
ylo,ylo,Naluo Yi,iso639_3
ylr,ylr,Yalarnnga,iso639_3
ylu,ylu,Aribwaung,iso639_3
yly,yly,Nyâlayu,iso639_3
ymb,ymb,Yambes,iso639_3
ymc,ymc,Southern Muji,iso639_3
ymd,ymd,Muda,iso639_3
yme,yme,Yameo,iso639_3
ymg,ymg,Yamongeri,iso639_3
ymh,ymh,Mili,iso639_3
ymi,ymi,Moji,iso639_3
ymk,ymk,Makwe,iso639_3
yml,yml,Iamalele,iso639_3
ymm,ymm,Maay,iso639_3
ymn,ymn,Yamna,iso639_3
ymo,ymo,Yangum Mon,iso639_3
ymp,ymp,Yamap,iso639_3
ymq,ymq,Qila Muji,iso639_3
ymr,ymr,Malasar,iso639_3
yms,yms,Mysian,iso639_3
ymx,ymx,Northern Muji,iso639_3
ymz,ymz,Muzi,iso639_3
yna,yna,Aluo,iso639_3
ynd,ynd,Yandruwandha,iso639_3
yne,yne,Lang'e,iso639_3
yng,yng,Yango,iso639_3
ynk,ynk,Naukan Yupik,iso639_3
ynl,ynl,Yangulam,iso639_3
ynn,ynn,Yana,iso639_3
yno,yno,Yong,iso639_3
ynq,ynq,Yendang,iso639_3
yns,yns,Yansi,iso639_3
ynu,ynu,Yahuna,iso639_3
yob,yob,Yoba,iso639_3
yog,yog,Yogad,iso639_3
yoi,yoi,Yonaguni,iso639_3
yok,yok,Yokuts,iso639_3
yol,yol,Yola,iso639_3
yom,yom,Yombe,iso639_3
yon,yon,Yongkom,iso639_3
yor,yor,Yoruba,iso639_3
yot,yot,Yotti,iso639_3
yox,yox,Yoron,iso639_3
yoy,yoy,Yoy,iso639_3
ypa,ypa,Phala,iso639_3
ypb,ypb,Labo Phowa,iso639_3
ypg,ypg,Phola,iso639_3
yph,yph,Phupha,iso639_3
ypk,ypk,Yupik languages,iso639_5_collection
ypm,ypm,Phuma,iso639_3
ypn,ypn,Ani Phowa,iso639_3
ypo,ypo,Alo Phola,iso639_3
ypp,ypp,Phupa,iso639_3
ypz,ypz,Phuza,iso639_3
yra,yra,Yerakai,iso639_3
yrb,yrb,Yareba,iso639_3
yre,yre,Yaouré,iso639_3
yrk,yrk,Nenets,iso639_3
yrl,yrl,Nhengatu,iso639_3
yrm,yrm,Yirrk-Mel,iso639_3
yrn,yrn,Yerong,iso639_3
yro,yro,Yaroamë,iso639_3
yrs,yrs,Yarsun,iso639_3
yrw,yrw,Yarawata,iso639_3
yry,yry,Yarluyandi,iso639_3
ysc,ysc,Yassic,iso639_3
ysd,ysd,Samatao,iso639_3
ysg,ysg,Sonaga,iso639_3
ysl,ysl,Yugoslavian Sign Language,iso639_3
ysm,ysm,Myanmar Sign Language,iso639_3
ysn,ysn,Sani,iso639_3
yso,yso,Nisi (China),iso639_3
ysp,ysp,Southern Lolopo,iso639_3
ysr,ysr,Sirenik Yupik,iso639_3
yss,yss,Yessan-Mayo,iso639_3
ysy,ysy,Sanie,iso639_3
yta,yta,Talu,iso639_3
ytl,ytl,Tanglang,iso639_3
ytp,ytp,Thopho,iso639_3
ytw,ytw,Yout Wam,iso639_3
yty,yty,Yatay,iso639_3
yua,yua,Yucateco,iso639_3
yub,yub,Yugambal,iso639_3
yuc,yuc,Yuchi,iso639_3
yud,yud,Judeo-Tripolitanian Arabic,iso639_3
yue,yue,Yue Chinese,iso639_3
yuf,yuf,Havasupai-Walapai-Yavapai,iso639_3
yug,yug,Yug,iso639_3
yui,yui,Yurutí,iso639_3
yuj,yuj,Karkar-Yuri,iso639_3
yuk,yuk,Yuki,iso639_3
yul,yul,Yulu,iso639_3
yum,yum,Quechan,iso639_3
yun,yun,Bena (Nigeria),iso639_3
yup,yup,Yukpa,iso639_3
yuq,yuq,Yuqui,iso639_3
yur,yur,Yurok,iso639_3
yut,yut,Yopno,iso639_3
yuw,yuw,Yau (Morobe Province),iso639_3
yux,yux,Southern Yukaghir,iso639_3
yuy,yuy,East Yugur,iso639_3
yuz,yuz,Yuracare,iso639_3
yva,yva,Yawa,iso639_3
yvt,yvt,Yavitero,iso639_3
ywa,ywa,Kalou,iso639_3
ywg,ywg,Yinhawangka,iso639_3
ywl,ywl,Western Lalu,iso639_3
ywn,ywn,Yawanawa,iso639_3
ywq,ywq,Wuding-Luquan Yi,iso639_3
ywr,ywr,Yawuru,iso639_3
ywt,ywt,Xishanba Lalo,iso639_3
ywu,ywu,Wumeng Nasu,iso639_3
yww,yww,Yawarawarga,iso639_3
yxa,yxa,Mayawali,iso639_3
yxg,yxg,Yagara,iso639_3
yxl,yxl,Yardliyawarra,iso639_3
yxm,yxm,Yinwum,iso639_3
yxu,yxu,Yuyu,iso639_3
yxy,yxy,Yabula Yabula,iso639_3
yyr,yyr,Yir Yoront,iso639_3
yyu,yyu,Yau (Sandaun Province),iso639_3
yyz,yyz,Ayizi,iso639_3
yzg,yzg,E'ma Buyang,iso639_3
yzk,yzk,Zokhuo,iso639_3
zaa,zaa,Sierra de Juárez Zapotec,iso639_3
zab,zab,Western Tlacolula Valley Zapotec,iso639_3
zac,zac,Ocotlán Zapotec,iso639_3
zad,zad,Cajonos Zapotec,iso639_3
zae,zae,Yareni Zapotec,iso639_3
zaf,zaf,Ayoquesco Zapotec,iso639_3
zag,zag,Zaghawa,iso639_3
zah,zah,Zangwal,iso639_3
zai,zai,Isthmus Zapotec,iso639_3
zaj,zaj,Zaramo,iso639_3
zak,zak,Zanaki,iso639_3
zal,zal,Zauzou,iso639_3
zam,zam,Miahuatlán Zapotec,iso639_3
zao,zao,Ozolotepec Zapotec,iso639_3
zap,zap,Zapotec,iso639_3
zaq,zaq,Aloápam Zapotec,iso639_3
zar,zar,Rincón Zapotec,iso639_3
zas,zas,Santo Domingo Albarradas Zapotec,iso639_3
zat,zat,Tabaa Zapotec,iso639_3
zau,zau,Zangskari,iso639_3
zav,zav,Yatzachi Zapotec,iso639_3
zaw,zaw,Mitla Zapotec,iso639_3
zax,zax,Xadani Zapotec,iso639_3
zay,zay,Zayse-Zergulla,iso639_3
zaz,zaz,Zari,iso639_3
zba,zba,Balaibalan,iso639_3
zbc,zbc,Central Berawan,iso639_3
zbe,zbe,East Berawan,iso639_3
zbl,zbl,Blissymbols,iso639_3
zbt,zbt,Batui,iso639_3
zbu,zbu,Bu (Bauchi State),iso639_3
zbw,zbw,West Berawan,iso639_3
zca,zca,Coatecas Altas Zapotec,iso639_3
zcd,zcd,Las Delicias Zapotec,iso639_3
zch,zch,Central Hongshuihe Zhuang,iso639_3
zdj,zdj,Ngazidja Comorian,iso639_3
zea,zea,Zeeuws,iso639_3
zeg,zeg,Zenag,iso639_3
zeh,zeh,Eastern Hongshuihe Zhuang,iso639_3
zen,zen,Zenaga,iso639_3
zga,zga,Kinga,iso639_3
zgb,zgb,Guibei Zhuang,iso639_3
zgh,zgh,Standard Moroccan Tamazight,iso639_3
zgm,zgm,Minz Zhuang,iso639_3
zgn,zgn,Guibian Zhuang,iso639_3
zgr,zgr,Magori,iso639_3
zha,zha,Zhuang,iso639_3
zhb,zhb,Zhaba,iso639_3
zhd,zhd,Dai Zhuang,iso639_3
zhi,zhi,Zhire,iso639_3
zhn,zhn,Nong Zhuang,iso639_3
zho,zho,Chinese,iso639_3
zhw,zhw,Zhoa,iso639_3
zhx,zhx,Chinese (family),iso639_5_collection
zia,zia,Zia,iso639_3
zib,zib,Zimbabwe Sign Language,iso639_3
zik,zik,Zimakani,iso639_3
zil,zil,Zialo,iso639_3
zim,zim,Mesme,iso639_3
zin,zin,Zinza,iso639_3
ziw,ziw,Zigula,iso639_3
ziz,ziz,Zizilivakan,iso639_3
zka,zka,Kaimbulawa,iso639_3
zkb,zkb,Koibal,iso639_3
zkd,zkd,Kadu,iso639_3
zkg,zkg,Koguryo,iso639_3
zkh,zkh,Khorezmian,iso639_3
zkk,zkk,Karankawa,iso639_3
zkn,zkn,Kanan,iso639_3
zko,zko,Kott,iso639_3
zkp,zkp,São Paulo Kaingáng,iso639_3
zkr,zkr,Zakhring,iso639_3
zkt,zkt,Kitan,iso639_3
zku,zku,Kaurna,iso639_3
zkv,zkv,Krevinian,iso639_3
zkz,zkz,Khazar,iso639_3
zla,zla,Zula,iso639_3
zle,zle,East Slavic languages,iso639_5_collection
zlj,zlj,Liujiang Zhuang,iso639_3
zlm,zlm,Malay (individual language),iso639_3
zln,zln,Lianshan Zhuang,iso639_3
zlq,zlq,Liuqian Zhuang,iso639_3
zls,zls,South Slavic languages,iso639_5_collection
zlw,zlw,West Slavic languages,iso639_5_collection
zma,zma,Manda (Australia),iso639_3
zmb,zmb,Zimba,iso639_3
zmc,zmc,Margany,iso639_3
zmd,zmd,Maridan,iso639_3
zme,zme,Mangerr,iso639_3
zmf,zmf,Mfinu,iso639_3
zmg,zmg,Marti Ke,iso639_3
zmh,zmh,Makolkol,iso639_3
zmi,zmi,Negeri Sembilan Malay,iso639_3
zmj,zmj,Maridjabin,iso639_3
zmk,zmk,Mandandanyi,iso639_3
zml,zml,Matngala,iso639_3
zmm,zmm,Marimanindji,iso639_3
zmn,zmn,Mbangwe,iso639_3
zmo,zmo,Molo,iso639_3
zmp,zmp,Mpuono,iso639_3
zmq,zmq,Mituku,iso639_3
zmr,zmr,Maranunggu,iso639_3
zms,zms,Mbesa,iso639_3
zmt,zmt,Maringarr,iso639_3
zmu,zmu,Muruwari,iso639_3
zmv,zmv,Mbariman-Gudhinma,iso639_3
zmw,zmw,Mbo (Democratic Republic of Congo),iso639_3
zmx,zmx,Bomitaba,iso639_3
zmy,zmy,Mariyedi,iso639_3
zmz,zmz,Mbandja,iso639_3
zna,zna,Zan Gula,iso639_3
znd,znd,Zande languages,iso639_5_collection
zne,zne,Zande (individual language),iso639_3
zng,zng,Mang,iso639_3
znk,znk,Manangkari,iso639_3
zns,zns,Mangas,iso639_3
zoc,zoc,Copainalá Zoque,iso639_3
zoh,zoh,Chimalapa Zoque,iso639_3
zom,zom,Zou,iso639_3
zoo,zoo,Asunción Mixtepec Zapotec,iso639_3
zoq,zoq,Tabasco Zoque,iso639_3
zor,zor,Rayón Zoque,iso639_3
zos,zos,Francisco León Zoque,iso639_3
zpa,zpa,Lachiguiri Zapotec,iso639_3
zpb,zpb,Yautepec Zapotec,iso639_3
zpc,zpc,Choapan Zapotec,iso639_3
zpd,zpd,Southeastern Ixtlán Zapotec,iso639_3
zpe,zpe,Petapa Zapotec,iso639_3
zpf,zpf,San Pedro Quiatoni Zapotec,iso639_3
zpg,zpg,Guevea De Humboldt Zapotec,iso639_3
zph,zph,Totomachapan Zapotec,iso639_3
zpi,zpi,Santa María Quiegolani Zapotec,iso639_3
zpj,zpj,Quiavicuzas Zapotec,iso639_3
zpk,zpk,Tlacolulita Zapotec,iso639_3
zpl,zpl,Lachixío Zapotec,iso639_3
zpm,zpm,Mixtepec Zapotec,iso639_3
zpn,zpn,Santa Inés Yatzechi Zapotec,iso639_3
zpo,zpo,Amatlán Zapotec,iso639_3
zpp,zpp,El Alto Zapotec,iso639_3
zpq,zpq,Zoogocho Zapotec,iso639_3
zpr,zpr,Santiago Xanica Zapotec,iso639_3
zps,zps,Coatlán Zapotec,iso639_3
zpt,zpt,San Vicente Coatlán Zapotec,iso639_3
zpu,zpu,Yalálag Zapotec,iso639_3
zpv,zpv,Chichicapan Zapotec,iso639_3
zpw,zpw,Zaniza Zapotec,iso639_3
zpx,zpx,San Baltazar Loxicha Zapotec,iso639_3
zpy,zpy,Mazaltepec Zapotec,iso639_3
zpz,zpz,Texmelucan Zapotec,iso639_3
zqe,zqe,Qiubei Zhuang,iso639_3
zra,zra,Kara (Korea),iso639_3
zrg,zrg,Mirgan,iso639_3
zrn,zrn,Zerenkel,iso639_3
zro,zro,Záparo,iso639_3
zrp,zrp,Zarphatic,iso639_3
zrs,zrs,Mairasi,iso639_3
zsa,zsa,Sarasira,iso639_3
zsk,zsk,Kaskean,iso639_3
zsl,zsl,Zambian Sign Language,iso639_3
zsm,zsm,Standard Malay,iso639_3
zsr,zsr,Southern Rincon Zapotec,iso639_3
zsu,zsu,Sukurum,iso639_3
zte,zte,Elotepec Zapotec,iso639_3
ztg,ztg,Xanaguía Zapotec,iso639_3
ztl,ztl,Lapaguía-Guivini Zapotec,iso639_3
ztm,ztm,San Agustín Mixtepec Zapotec,iso639_3
ztn,ztn,Santa Catarina Albarradas Zapotec,iso639_3
ztp,ztp,Loxicha Zapotec,iso639_3
ztq,ztq,Quioquitani-Quierí Zapotec,iso639_3
zts,zts,Tilquiapan Zapotec,iso639_3
ztt,ztt,Tejalapan Zapotec,iso639_3
ztu,ztu,Güilá Zapotec,iso639_3
ztx,ztx,Zaachila Zapotec,iso639_3
zty,zty,Yatee Zapotec,iso639_3
zua,zua,Zeem,iso639_3
zuh,zuh,Tokano,iso639_3
zul,zul,Zulu,iso639_3
zum,zum,Kumzari,iso639_3
zun,zun,Zuni,iso639_3
zuy,zuy,Zumaya,iso639_3
zwa,zwa,Zay,iso639_3
zxx,zxx,No linguistic content,iso639_3
zyb,zyb,Yongbei Zhuang,iso639_3
zyg,zyg,Yang Zhuang,iso639_3
zyj,zyj,Youjiang Zhuang,iso639_3
zyn,zyn,Yongnan Zhuang,iso639_3
zyp,zyp,Zyphe Chin,iso639_3
zza,zza,Zaza,iso639_3
zzj,zzj,Zuojiang Zhuang,iso639_3
